user_id,course_id,rating
1,40,3.6
1,67,3.0
1,186,2.3
1,157,4.0
1,18,2.2
1,131,5.0
1,146,2.2
1,36,3.3
1,100,3.0
1,51,5.0
1,22,3.2
1,197,4.6
1,110,3.1
1,113,3.9
1,122,4.7
1,104,3.5
1,136,3.3
2,54,2.3
2,134,3.2
2,166,3.9
2,105,2.8
2,193,3.4
2,159,2.7
2,94,4.8
2,76,2.7
2,34,2.4
2,168,2.6
2,29,5.0
2,151,2.8
2,137,2.6
2,53,3.4
3,192,4.3
3,143,3.0
3,102,4.8
3,4,2.5
3,71,4.4
3,134,1.8
3,103,2.7
3,33,1.8
3,24,4.1
3,9,2.9
4,88,3.9
4,194,2.9
4,197,1.8
4,164,4.1
4,96,4.5
4,92,3.0
4,8,5.0
4,27,5.0
4,40,2.9
5,126,3.3
5,2,3.9
5,79,4.8
5,176,3.6
5,125,5.0
5,24,3.5
5,53,2.0
5,43,4.5
5,155,2.9
5,68,2.7
5,174,4.5
5,170,2.5
5,84,2.5
5,169,4.5
5,45,5.0
5,105,3.0
6,116,3.1
6,164,3.1
6,13,3.9
6,137,3.1
6,58,3.2
6,171,4.1
6,50,3.8
6,119,3.9
6,89,4.6
6,197,3.6
6,199,1.7
6,22,2.6
6,100,5.0
6,71,4.3
6,81,1.8
6,167,2.6
7,79,2.8
7,156,3.9
7,33,2.4
7,199,3.2
7,194,2.7
8,89,4.5
8,148,3.6
8,78,3.3
8,173,3.0
8,62,3.9
9,31,3.7
9,113,3.2
9,121,5.0
9,51,3.1
9,170,3.1
9,49,4.2
9,189,3.9
9,33,3.5
9,25,4.7
9,120,3.4
9,127,2.8
9,60,3.7
10,152,2.7
10,45,3.3
10,37,3.5
10,168,5.0
10,60,3.7
10,91,3.4
10,21,2.4
10,30,3.7
10,61,3.4
10,77,2.7
11,140,3.8
11,20,2.5
11,26,3.4
11,190,4.9
11,182,2.9
11,72,4.2
11,99,5.0
11,195,3.2
11,141,2.8
11,146,3.4
11,80,2.5
11,115,3.5
11,160,1.5
11,24,3.1
11,171,5.0
12,141,3.4
12,94,4.5
12,100,3.7
12,172,4.7
12,197,4.4
12,34,5.0
12,129,4.2
12,175,3.6
12,41,4.0
12,158,3.6
12,31,3.2
12,19,2.7
12,200,4.4
12,69,3.1
12,195,4.8
12,43,3.4
12,78,5.0
12,109,5.0
12,84,2.7
12,98,5.0
13,106,4.1
13,1,5.0
13,54,2.3
13,47,3.3
13,120,4.1
13,79,2.4
13,196,2.8
13,129,5.0
13,181,4.7
13,33,3.1
13,76,2.1
13,121,3.0
13,63,2.5
13,164,3.9
13,85,4.6
13,81,4.9
13,30,5.0
13,14,3.7
13,122,4.3
14,71,2.8
14,19,2.4
14,122,3.6
14,198,3.4
14,41,3.9
14,154,3.3
14,113,3.2
14,195,3.6
14,70,3.9
14,7,2.6
14,87,3.1
14,74,4.4
14,66,2.5
14,2,3.0
14,59,4.1
15,120,5.0
15,88,2.5
15,133,2.5
15,1,4.0
15,200,3.5
15,87,2.6
15,85,3.6
15,29,2.5
15,110,3.4
15,140,1.9
15,33,4.4
15,185,4.3
15,52,2.8
15,38,4.4
16,43,2.8
16,35,2.2
16,52,3.0
16,196,3.1
16,74,2.9
16,171,3.4
16,134,4.7
16,70,2.0
16,117,4.4
16,99,3.1
16,26,3.3
16,142,3.2
16,53,4.9
16,1,4.1
16,11,4.9
17,76,3.4
17,15,3.3
17,179,2.7
17,3,4.9
17,56,4.4
17,152,2.3
17,59,2.7
17,63,3.8
17,182,3.2
17,147,3.8
17,101,2.7
17,170,4.3
17,123,4.2
17,84,4.9
17,9,2.1
17,55,3.5
17,48,3.2
18,168,4.5
18,73,4.3
18,41,4.7
18,191,5.0
18,34,5.0
18,4,2.6
18,96,2.6
18,162,3.0
18,164,3.2
18,187,3.0
18,173,2.4
18,58,3.1
18,5,5.0
18,90,3.9
18,3,5.0
18,193,4.0
19,198,2.0
19,96,4.4
19,16,3.4
19,107,3.5
19,53,3.6
19,168,2.2
19,39,4.2
19,194,3.5
19,123,3.8
19,179,3.0
19,4,1.8
19,169,5.0
19,167,3.2
19,19,3.6
20,25,2.8
20,11,2.7
20,8,3.4
20,197,2.8
20,5,4.6
20,73,4.1
20,28,2.5
20,165,1.9
20,111,3.5
21,138,4.1
21,33,3.4
21,39,1.9
21,114,4.4
21,127,3.6
21,32,3.4
22,69,3.4
22,156,2.1
22,103,4.0
22,141,5.0
22,36,3.2
22,20,3.6
22,6,3.6
22,1,4.9
22,49,2.6
22,55,4.0
23,88,3.5
23,32,4.1
23,99,3.4
23,132,2.9
23,74,5.0
23,191,3.2
23,190,5.0
23,8,4.5
23,170,3.9
23,126,3.1
23,118,2.9
23,177,3.1
23,31,3.4
23,189,3.6
24,19,2.4
24,1,3.4
24,14,4.1
24,8,2.3
24,169,4.5
24,132,2.6
24,82,4.6
24,152,4.0
24,155,2.2
24,135,3.6
24,173,4.6
24,65,4.7
24,192,3.2
24,9,3.9
25,195,3.6
25,44,4.0
25,121,1.2
25,172,4.0
25,99,3.5
25,119,3.2
25,199,3.3
25,51,4.0
25,61,3.2
25,179,3.9
25,130,3.6
25,112,3.5
25,98,4.0
25,136,3.5
25,122,2.5
25,38,3.7
25,190,3.9
25,131,3.3
25,169,2.7
25,17,3.0
26,84,2.6
26,161,2.2
26,200,1.9
26,135,3.4
26,181,3.6
26,90,3.2
26,143,2.8
27,62,3.5
27,153,2.5
27,132,3.4
27,175,3.7
27,186,3.3
27,155,2.8
27,83,3.9
27,150,2.3
27,160,4.9
27,98,3.3
27,162,4.3
27,102,2.6
27,71,2.1
28,173,3.7
28,17,4.9
28,36,3.1
28,31,4.4
28,77,4.8
28,113,3.5
28,106,3.9
28,38,4.9
28,145,3.7
28,1,3.5
28,159,4.0
28,83,1.5
28,200,3.7
28,64,1.4
28,87,2.7
28,13,3.7
28,124,5.0
28,127,2.3
28,94,3.8
29,50,5.0
29,51,4.0
29,143,1.6
29,49,5.0
29,157,2.1
29,1,2.8
29,150,3.3
29,21,3.0
29,163,4.3
30,134,4.2
30,169,2.6
30,135,3.5
30,189,2.3
30,179,3.8
30,54,3.5
30,96,4.3
30,109,3.5
30,158,4.3
30,65,5.0
30,171,3.8
30,154,5.0
30,59,1.8
31,101,3.3
31,135,3.5
31,12,4.0
31,44,3.1
31,86,2.7
31,55,2.8
31,155,2.6
31,27,4.7
31,118,3.6
31,3,3.7
31,19,3.1
31,144,3.1
31,24,2.0
31,127,3.1
31,196,3.8
31,50,3.3
31,173,4.0
32,111,3.5
32,6,3.4
32,85,4.2
32,137,2.8
32,129,4.8
32,55,3.4
32,40,4.0
32,119,3.5
32,176,4.9
32,101,3.4
32,123,4.3
32,21,2.8
32,26,3.5
33,5,2.8
33,123,3.6
33,25,2.7
33,46,4.6
33,78,3.0
33,145,2.7
33,8,2.4
34,35,1.0
34,200,4.8
34,75,3.2
34,52,5.0
34,5,3.6
34,141,4.6
34,8,5.0
34,179,4.5
34,82,1.5
34,67,5.0
34,44,5.0
34,119,3.3
34,128,1.9
34,172,2.9
35,103,3.8
35,139,3.2
35,133,3.9
35,137,2.2
35,96,3.4
35,94,1.5
35,9,4.0
35,190,3.9
35,20,3.9
35,84,2.1
35,181,3.9
35,185,3.2
35,42,4.4
35,121,2.3
35,162,4.9
35,127,3.1
35,167,3.0
36,28,4.9
36,120,4.5
36,141,3.3
36,75,2.5
36,180,3.7
36,93,4.1
36,51,2.9
36,104,3.9
36,130,2.6
36,152,3.3
36,153,3.1
36,21,2.8
36,24,3.3
36,58,4.9
36,172,3.6
36,20,3.7
36,114,3.4
36,150,2.8
36,134,3.7
37,134,3.6
37,90,1.3
37,27,4.0
37,75,4.2
37,135,3.3
37,12,3.9
37,26,4.9
37,156,4.6
37,85,4.9
37,74,1.1
38,108,3.1
38,16,4.5
38,90,4.5
38,137,3.3
38,9,2.6
38,88,1.8
38,83,3.0
38,96,3.4
38,123,3.9
38,45,4.5
38,47,3.7
38,57,2.6
38,14,4.7
38,126,2.7
38,97,4.8
38,40,4.3
38,107,3.6
39,14,4.8
39,106,3.2
39,114,5.0
39,40,2.7
39,67,3.3
39,69,5.0
39,157,1.5
40,66,2.5
40,2,2.8
40,36,3.1
40,32,3.0
40,102,2.5
40,15,3.5
40,145,1.9
40,118,3.4
40,98,2.3
40,181,4.9
40,113,4.6
40,3,3.4
40,129,4.0
41,33,4.8
41,172,3.6
41,94,5.0
41,197,3.1
41,90,2.7
41,180,1.9
41,10,4.3
41,154,3.7
41,192,4.4
41,113,3.0
41,107,4.3
41,171,4.1
42,106,3.7
42,53,2.6
42,88,3.6
42,75,5.0
42,38,1.4
42,52,3.3
42,151,4.2
42,110,4.0
42,168,2.5
42,147,2.6
42,145,4.7
42,18,2.5
42,58,3.8
43,166,3.4
43,11,5.0
43,173,2.5
43,82,5.0
43,52,3.3
43,143,3.9
43,113,4.3
43,99,2.5
43,176,3.6
44,184,1.7
44,181,5.0
44,105,5.0
44,28,3.7
44,183,3.7
44,187,5.0
44,49,4.4
44,147,3.8
45,45,2.9
45,39,3.9
45,129,3.3
45,126,4.2
45,9,4.6
46,80,3.4
46,84,3.9
46,18,4.0
46,126,3.5
46,62,2.2
46,137,3.9
46,65,3.1
46,163,3.1
46,88,2.0
46,11,3.3
46,108,2.1
46,2,2.9
46,35,3.6
46,15,2.2
47,117,4.8
47,170,5.0
47,32,3.6
47,159,3.1
47,14,3.9
47,184,3.1
47,46,2.8
47,126,4.3
47,147,1.7
48,114,4.4
48,89,4.2
48,157,2.9
48,72,4.3
48,150,3.9
48,28,3.4
48,55,2.8
48,30,3.2
48,34,2.7
48,105,4.2
48,100,3.6
48,70,3.1
48,32,5.0
48,112,4.5
48,48,2.7
48,139,3.4
48,179,5.0
48,116,1.5
49,143,3.2
49,85,4.4
49,188,4.6
49,11,5.0
49,181,3.5
49,7,4.1
49,19,3.8
49,94,3.0
50,88,5.0
50,12,3.6
50,85,2.3
50,157,2.9
50,128,2.9
50,100,4.6
50,169,3.2
50,158,2.1
51,97,2.7
51,86,2.9
51,26,3.3
51,182,3.8
51,168,3.8
51,155,3.7
51,177,3.7
51,57,3.5
51,71,3.6
51,14,4.6
51,40,2.2
51,4,3.1
52,144,3.3
52,184,3.8
52,176,3.1
52,19,4.5
52,91,3.0
52,32,4.2
52,1,2.5
52,46,3.2
52,33,2.8
52,135,2.9
53,126,1.8
53,146,2.8
53,84,3.7
53,197,1.0
53,11,3.6
53,47,1.8
53,80,4.0
53,61,2.7
53,10,2.3
53,179,4.4
53,78,4.8
53,53,5.0
54,101,4.9
54,85,4.1
54,115,3.6
54,124,2.9
54,147,4.5
54,155,5.0
54,50,3.0
54,170,2.1
54,18,3.9
54,90,5.0
54,120,4.3
54,47,5.0
54,108,3.5
54,143,4.3
54,66,1.6
55,64,4.4
55,52,3.3
55,158,5.0
55,46,4.0
55,60,3.9
55,136,3.9
55,65,4.7
55,183,2.8
55,196,4.5
56,45,2.2
56,192,2.6
56,150,3.3
56,54,2.5
56,131,2.2
56,64,4.2
56,27,4.8
56,139,3.6
56,43,3.3
56,38,3.1
57,100,5.0
57,152,4.2
57,12,3.9
57,47,4.3
57,68,3.1
57,141,3.7
57,96,3.5
57,76,4.2
57,74,3.2
58,43,3.7
58,19,3.3
58,177,3.6
58,70,2.4
58,130,4.2
59,44,4.9
59,19,5.0
59,51,3.3
59,99,4.4
59,146,2.9
59,148,2.4
59,104,5.0
59,5,2.8
59,48,2.7
59,74,2.9
59,114,3.4
59,38,3.9
59,56,5.0
59,2,3.5
59,81,2.1
59,158,2.7
59,92,2.5
60,28,3.1
60,177,4.2
60,12,4.8
60,161,3.5
60,76,2.7
60,181,4.6
61,113,3.2
61,191,2.5
61,179,4.1
61,167,4.4
61,118,2.4
61,146,4.2
61,60,3.3
61,119,4.1
61,45,4.7
61,178,2.9
61,157,2.7
61,123,3.8
61,47,4.6
61,70,4.6
61,127,2.6
61,155,4.0
62,11,2.5
62,185,4.6
62,23,3.4
62,61,4.4
62,108,2.6
62,102,2.2
62,81,2.8
62,43,2.9
62,52,1.9
63,154,2.7
63,3,4.2
63,141,3.3
63,191,3.0
63,170,3.2
63,194,3.6
63,136,4.8
63,189,3.2
63,166,3.6
63,43,2.9
63,123,5.0
63,79,2.9
63,188,2.8
63,193,5.0
63,70,2.4
63,35,1.5
64,194,4.8
64,138,3.9
64,169,1.6
64,185,4.7
64,117,4.2
65,30,3.4
65,104,2.7
65,5,4.7
65,158,3.2
65,63,4.0
65,65,4.3
65,90,2.3
65,23,3.6
65,40,2.7
65,160,2.2
66,38,5.0
66,25,1.9
66,35,4.7
66,190,2.7
66,2,4.4
66,16,3.5
66,147,4.2
66,100,4.7
66,175,3.8
66,113,4.9
66,92,4.1
66,91,4.0
67,149,3.9
67,155,2.5
67,26,3.6
67,61,5.0
67,158,4.2
67,176,3.6
67,95,3.4
67,68,4.0
67,129,4.6
67,28,4.5
68,182,3.7
68,83,3.7
68,75,3.8
68,41,2.1
68,37,4.5
68,164,3.0
68,8,3.1
68,186,4.0
69,59,1.8
69,163,2.7
69,22,2.8
69,77,3.1
69,141,3.7
70,109,3.8
70,159,2.0
70,22,4.3
70,125,3.2
70,5,2.7
70,33,4.8
70,14,3.2
70,172,3.2
70,94,3.8
70,157,3.4
70,143,4.6
70,160,4.4
70,193,2.7
70,43,5.0
70,58,2.9
70,51,4.3
70,161,4.5
71,72,2.8
71,86,3.4
71,141,4.4
71,56,3.9
71,187,3.1
71,199,4.3
71,179,2.8
71,25,5.0
71,84,3.4
71,160,4.6
71,147,2.7
71,32,3.9
71,55,3.1
71,99,3.6
71,162,4.3
71,155,2.4
71,4,2.2
71,192,3.4
72,195,2.7
72,127,3.6
72,135,3.5
72,22,3.9
72,116,3.0
73,13,2.7
73,39,4.9
73,36,1.2
73,14,4.2
73,35,2.7
73,174,3.6
73,16,2.6
73,66,1.1
73,150,3.1
73,162,3.2
73,86,2.9
73,139,2.6
73,65,2.2
73,112,4.8
73,98,2.1
73,82,3.8
73,157,2.8
74,89,5.0
74,187,3.2
74,72,4.0
74,5,3.8
74,188,4.4
74,123,3.4
74,14,3.1
74,180,3.1
74,170,3.8
74,166,3.0
74,18,2.8
74,24,2.5
74,93,4.3
74,91,4.5
74,176,3.2
74,1,3.4
74,125,3.7
74,115,3.8
75,106,3.0
75,59,3.9
75,94,3.1
75,175,3.5
75,33,2.5
75,93,2.8
75,181,4.9
75,111,4.9
75,147,3.5
75,60,3.7
75,67,4.0
75,149,4.1
76,20,5.0
76,131,2.2
76,68,3.3
76,19,3.8
76,156,4.1
76,133,3.5
76,82,2.6
76,36,4.2
76,187,3.7
76,3,2.9
76,154,2.7
76,78,2.3
76,56,3.4
76,42,4.2
76,25,5.0
76,147,2.0
77,15,4.3
77,139,3.6
77,79,3.2
77,41,3.5
77,134,3.4
77,8,4.0
77,127,2.9
78,128,3.6
78,70,3.1
78,85,3.8
78,95,4.6
78,59,2.3
78,42,3.8
78,192,4.6
78,113,4.4
78,122,4.2
78,98,3.5
78,134,3.1
79,125,4.6
79,97,3.1
79,81,4.5
79,63,2.6
79,188,2.7
80,7,1.9
80,109,3.3
80,65,3.6
80,117,2.2
80,123,2.2
80,97,2.8
80,200,3.9
80,12,4.0
80,121,4.3
80,74,1.8
80,147,3.3
80,170,3.4
80,168,3.9
80,86,3.4
81,24,3.5
81,124,3.3
81,71,3.7
81,145,2.9
81,35,4.8
81,43,3.9
81,11,2.2
81,5,3.5
81,7,3.3
81,84,3.6
81,176,2.4
81,100,4.0
81,65,2.7
81,19,3.0
82,159,3.6
82,52,2.8
82,40,3.4
82,84,4.8
82,107,3.5
82,191,3.2
82,15,2.9
82,108,3.3
82,103,5.0
82,26,4.0
82,73,2.9
83,72,5.0
83,124,1.3
83,82,2.3
83,35,3.8
83,143,1.5
83,171,3.0
83,63,3.9
83,68,3.6
83,38,2.0
83,135,3.3
83,39,4.3
83,40,3.7
84,140,4.8
84,124,3.8
84,87,2.2
84,81,3.8
84,179,4.6
85,199,3.1
85,159,4.4
85,74,3.5
85,28,3.8
85,75,2.7
85,7,3.1
85,90,4.0
85,95,5.0
85,168,5.0
85,129,3.4
85,110,4.4
85,46,3.3
85,112,3.7
85,77,3.6
85,155,3.0
85,200,1.7
85,181,3.0
85,66,4.0
85,146,1.8
85,71,3.0
86,140,3.2
86,100,3.7
86,65,2.4
86,61,2.9
86,181,3.0
87,200,5.0
87,112,4.7
87,188,4.7
87,56,2.5
87,117,4.4
87,141,3.2
87,183,4.7
87,115,3.2
88,9,3.0
88,190,2.2
88,47,2.7
88,108,3.4
88,33,5.0
88,199,3.6
88,73,2.4
88,62,4.5
88,102,3.0
88,177,3.8
88,19,3.2
88,100,4.4
88,196,2.2
89,20,3.1
89,22,4.4
89,57,2.7
89,170,4.0
89,122,4.9
89,157,2.3
89,115,4.4
89,183,3.5
89,11,4.0
89,72,2.9
89,67,5.0
89,40,5.0
89,129,3.4
89,99,3.5
90,166,3.2
90,186,4.2
90,1,2.6
90,168,2.9
90,125,2.8
90,19,4.1
90,90,3.3
90,54,3.5
90,9,4.4
90,154,4.0
90,148,4.2
90,106,3.1
90,20,2.8
90,143,2.5
90,171,2.7
90,97,3.9
90,37,4.9
91,193,3.3
91,149,4.2
91,199,3.8
91,58,3.1
91,62,4.3
91,9,3.2
91,114,5.0
91,156,4.5
91,47,2.9
91,69,4.4
91,110,2.1
91,45,2.8
91,197,4.2
91,34,3.3
91,146,3.2
91,125,4.6
91,96,4.3
92,121,5.0
92,155,5.0
92,143,4.6
92,131,2.5
92,71,2.9
92,41,2.3
92,186,2.8
92,43,1.9
92,77,5.0
92,40,3.3
92,66,3.2
92,165,3.0
92,19,4.1
92,31,4.0
92,139,5.0
93,95,3.8
93,77,5.0
93,98,4.2
93,188,4.0
93,177,3.5
93,173,3.6
94,199,2.1
94,24,1.3
94,107,3.9
94,148,4.3
94,184,4.3
94,164,4.2
94,155,3.5
94,156,2.9
94,73,2.7
94,139,4.7
94,22,3.1
94,157,2.8
94,105,3.2
95,166,5.0
95,139,4.6
95,129,3.9
95,55,4.2
95,101,3.9
95,153,2.7
95,160,2.0
96,186,1.6
96,197,2.1
96,37,2.3
96,45,4.7
96,114,2.5
97,176,3.9
97,44,4.6
97,145,2.8
97,20,2.9
97,137,4.3
98,144,3.0
98,34,4.0
98,69,3.7
98,106,4.9
98,65,3.5
98,135,3.7
98,72,4.4
98,173,3.3
98,23,5.0
98,4,3.9
99,146,4.9
99,27,2.6
99,187,2.0
99,87,3.1
99,136,5.0
99,179,3.5
99,177,5.0
99,5,3.0
99,57,2.3
99,160,4.4
99,90,2.1
99,105,2.8
99,103,4.0
100,132,5.0
100,72,3.5
100,135,4.1
100,181,4.0
100,180,3.4
100,80,3.4
100,189,2.9
100,108,4.3
100,162,2.8
101,52,3.9
101,41,4.2
101,82,4.4
101,182,2.9
101,158,3.5
101,137,3.1
101,157,4.6
101,78,3.0
102,170,2.9
102,150,3.9
102,25,3.9
102,101,3.6
102,107,2.1
102,74,3.8
102,9,4.3
102,141,4.0
102,41,4.3
102,60,4.2
102,105,4.5
102,119,4.1
102,113,3.7
102,83,1.8
103,126,3.7
103,139,1.3
103,88,1.1
103,108,2.1
103,178,3.1
103,79,1.8
103,152,4.3
104,132,2.8
104,28,2.2
104,189,3.5
104,39,2.4
104,82,3.9
104,164,3.3
104,193,2.7
104,153,3.7
104,88,1.7
104,20,4.5
104,19,3.2
104,87,5.0
104,26,3.5
105,194,5.0
105,45,3.4
105,115,3.2
105,86,2.6
105,150,4.3
105,60,4.4
105,28,3.9
105,134,2.6
105,94,3.4
105,74,5.0
105,191,2.7
105,88,4.0
106,44,3.3
106,110,5.0
106,127,2.8
106,161,4.1
106,39,3.0
106,3,2.9
106,83,4.7
106,73,3.2
106,198,3.6
107,104,5.0
107,65,2.3
107,80,2.9
107,71,3.0
107,49,4.3
107,68,4.7
107,21,3.2
107,87,4.5
107,96,4.5
107,131,3.2
107,127,3.8
107,90,3.8
107,57,3.7
107,172,3.9
107,132,3.8
107,183,4.0
107,73,2.7
107,72,5.0
107,98,3.9
107,154,4.9
108,74,3.5
108,49,2.6
108,115,3.5
108,179,3.3
108,198,5.0
108,46,5.0
108,167,4.3
108,197,3.4
109,65,3.6
109,94,3.7
109,43,2.5
109,80,2.6
109,156,4.0
109,86,3.3
109,87,3.8
109,4,2.2
109,158,4.2
109,55,2.9
109,48,1.9
109,125,2.0
109,75,4.0
109,148,4.2
109,140,3.8
109,110,2.5
109,146,3.5
110,173,3.2
110,48,2.6
110,30,1.7
110,21,3.1
110,179,4.6
110,145,2.9
110,108,2.6
110,83,3.4
110,51,3.2
110,49,3.8
110,199,3.8
110,174,3.9
110,166,3.5
110,37,3.4
110,142,3.9
110,60,3.1
110,71,2.2
110,32,4.5
110,47,3.1
111,134,2.8
111,117,2.3
111,144,5.0
111,125,4.0
111,33,3.2
111,160,1.9
112,129,5.0
112,148,3.6
112,136,3.0
112,114,3.8
112,155,3.6
112,93,5.0
112,64,3.0
112,175,3.5
112,80,4.6
112,98,2.4
113,48,2.5
113,150,5.0
113,139,4.0
113,51,2.3
113,130,4.0
113,190,3.8
113,146,3.6
113,59,3.9
114,159,3.6
114,58,2.5
114,179,1.8
114,145,4.0
114,74,3.0
114,62,1.8
114,171,3.6
114,144,4.1
114,82,4.1
115,66,2.6
115,158,2.2
115,84,3.7
115,17,1.9
115,6,4.2
115,50,3.3
115,161,3.3
115,150,3.6
116,144,3.7
116,130,3.4
116,78,4.1
116,114,3.3
116,37,2.6
116,124,4.4
116,111,3.0
116,128,3.3
116,47,2.9
116,8,4.5
117,134,2.1
117,110,5.0
117,13,2.3
117,113,4.6
117,199,3.5
117,138,4.4
117,54,2.2
118,34,2.1
118,14,5.0
118,186,3.2
118,18,2.0
118,24,3.7
118,88,3.1
118,187,4.3
118,112,1.9
119,196,4.8
119,199,5.0
119,158,4.2
119,40,3.4
119,162,4.5
119,68,5.0
119,187,4.0
119,130,5.0
119,55,3.2
119,63,4.8
119,88,3.9
119,96,4.8
120,72,4.2
120,142,5.0
120,133,2.8
120,187,4.3
120,165,4.0
120,69,3.6
120,147,4.3
120,40,3.5
120,118,4.0
120,81,1.5
120,71,2.6
121,15,3.7
121,108,1.7
121,54,3.9
121,115,1.9
121,71,4.3
121,134,3.9
121,152,3.9
121,2,4.3
121,50,4.7
121,131,5.0
121,162,3.1
122,32,2.6
122,16,2.4
122,17,2.9
122,109,3.9
122,134,3.2
122,96,3.6
122,39,4.7
122,149,3.0
122,190,3.2
122,171,4.6
122,173,3.0
122,124,3.6
122,137,3.5
122,2,4.4
122,79,3.8
122,103,4.0
122,27,2.9
122,148,3.9
122,196,3.4
122,87,4.1
123,56,2.6
123,15,4.2
123,145,3.4
123,29,5.0
123,9,2.7
123,30,3.7
123,24,5.0
123,138,3.1
123,137,2.9
123,28,2.8
123,22,3.3
123,59,5.0
123,105,5.0
123,57,2.5
123,82,1.6
123,140,3.0
123,100,2.8
123,33,5.0
124,4,3.8
124,67,4.0
124,193,1.6
124,45,3.8
124,66,5.0
125,130,4.0
125,67,3.5
125,182,4.4
125,28,4.9
125,20,5.0
125,55,4.7
125,97,4.8
125,73,3.6
126,83,4.0
126,95,3.2
126,107,2.0
126,22,2.6
126,32,2.9
126,97,2.9
126,71,4.3
126,85,3.0
126,175,4.7
126,181,3.9
126,4,3.5
126,139,5.0
127,166,3.7
127,136,2.7
127,15,5.0
127,146,5.0
127,171,2.8
127,173,4.4
127,31,3.6
127,40,3.2
128,21,4.5
128,7,2.0
128,76,5.0
128,61,3.5
128,71,2.4
128,165,2.7
128,72,3.8
128,14,2.2
128,155,2.3
129,199,3.8
129,2,1.7
129,27,4.6
129,121,4.0
129,56,3.8
129,172,4.2
129,34,5.0
129,190,4.0
130,179,3.5
130,112,2.5
130,94,5.0
130,22,4.0
130,118,4.6
130,92,4.7
130,139,3.4
131,77,5.0
131,181,3.3
131,156,3.4
131,124,4.3
131,160,2.9
131,187,1.6
131,120,4.6
131,56,2.8
131,79,4.0
131,138,4.2
131,161,5.0
131,194,1.8
131,107,3.2
131,168,2.4
131,167,2.7
131,18,3.6
131,145,3.3
131,149,2.3
132,46,2.5
132,104,4.5
132,33,2.4
132,108,2.3
132,120,3.3
132,174,3.1
132,143,1.4
133,190,2.7
133,47,4.6
133,144,3.1
133,172,3.8
133,154,3.0
133,196,2.9
134,154,4.6
134,166,4.2
134,192,3.7
134,50,3.6
134,117,4.9
134,99,2.6
134,174,4.6
134,68,4.4
134,129,3.9
134,39,2.8
134,19,4.0
134,146,2.9
134,109,5.0
134,140,5.0
134,187,1.9
135,44,5.0
135,153,3.0
135,180,3.7
135,131,3.9
135,108,4.7
135,96,4.3
135,88,3.4
135,98,3.4
135,187,4.1
135,130,5.0
135,188,4.0
136,117,2.0
136,62,4.4
136,160,3.5
136,188,3.0
136,144,3.6
136,67,2.5
136,154,4.2
136,147,3.7
136,97,3.3
136,28,4.0
136,124,3.7
136,87,3.0
136,173,2.2
136,197,2.2
136,76,5.0
136,55,5.0
136,178,3.6
136,71,1.8
136,161,4.3
137,187,4.9
137,10,2.6
137,102,4.5
137,99,4.0
137,100,4.1
137,132,3.3
137,186,2.9
137,91,3.3
137,56,4.8
138,14,3.0
138,40,2.5
138,3,2.8
138,30,3.1
138,11,4.2
139,51,2.6
139,39,4.5
139,9,4.9
139,27,3.3
139,138,4.5
139,193,2.0
139,25,3.6
139,110,3.0
139,161,4.9
139,148,1.0
139,112,5.0
139,170,2.8
139,30,5.0
139,136,4.9
139,164,5.0
139,116,4.9
139,120,4.1
139,90,3.9
139,12,3.9
140,189,3.1
140,15,1.0
140,52,5.0
140,13,4.6
140,96,3.4
140,11,3.5
140,139,3.7
140,81,2.7
140,69,2.1
140,99,4.5
140,67,4.1
141,173,3.5
141,70,3.3
141,156,4.2
141,91,2.5
141,143,4.3
141,193,3.4
141,162,1.0
141,83,3.8
141,84,3.0
141,77,3.9
141,89,4.1
141,132,3.4
141,180,4.0
142,64,4.4
142,187,2.8
142,6,4.5
142,108,1.9
142,82,2.7
142,4,3.6
142,24,4.1
142,168,5.0
142,14,2.8
142,63,3.3
142,135,2.6
142,148,2.5
143,51,4.8
143,182,3.1
143,50,5.0
143,115,2.8
143,159,3.2
143,42,4.6
143,106,3.3
143,161,4.1
143,59,3.4
143,172,2.3
143,21,2.4
143,109,2.4
144,8,1.0
144,153,1.2
144,182,4.3
144,105,5.0
144,171,5.0
144,22,3.2
144,54,2.7
144,175,3.5
144,81,4.4
144,39,2.3
144,111,3.3
144,49,4.0
144,103,3.7
144,6,3.0
144,64,2.7
144,141,4.2
144,48,4.3
144,33,5.0
144,82,4.0
145,31,3.5
145,138,5.0
145,96,2.8
145,47,4.2
145,132,4.9
145,93,3.5
145,199,4.5
146,81,3.0
146,67,2.1
146,86,3.5
146,45,4.0
146,61,4.4
146,53,3.4
146,1,4.3
146,190,3.6
146,165,3.3
146,187,3.1
146,166,4.0
146,48,2.9
146,76,5.0
146,156,4.7
146,91,4.3
146,4,5.0
146,142,4.3
146,3,3.8
147,140,4.7
147,15,2.0
147,105,4.2
147,57,3.6
147,53,2.6
147,37,4.0
147,10,5.0
147,98,4.7
148,176,2.7
148,47,4.9
148,85,4.7
148,59,3.1
148,134,5.0
148,121,4.4
148,127,3.1
148,139,4.6
148,71,5.0
148,39,4.6
148,179,4.4
148,60,2.5
148,14,2.3
148,146,4.0
148,52,2.7
148,165,3.4
149,106,4.2
149,17,3.8
149,111,3.8
149,72,3.8
149,130,4.0
149,189,4.7
149,19,3.3
149,69,3.1
149,76,3.4
149,74,1.7
149,110,3.9
149,156,4.8
149,143,3.4
149,133,4.1
149,20,3.8
149,184,3.6
149,138,1.9
149,66,3.4
149,119,2.7
149,41,3.6
150,132,4.3
150,69,1.8
150,74,3.6
150,105,3.0
150,80,4.9
150,161,3.4
150,95,5.0
150,184,4.1
150,157,3.8
150,47,3.6
150,77,3.5
150,88,3.3
150,172,4.7
150,126,5.0
150,2,4.3
151,17,5.0
151,46,5.0
151,88,3.5
151,147,4.0
151,140,2.8
151,32,4.2
151,47,2.7
151,44,1.9
151,148,3.7
151,1,2.9
151,189,2.8
152,68,4.0
152,199,5.0
152,138,4.1
152,113,2.3
152,96,3.8
152,133,3.1
152,166,4.1
152,120,3.4
153,109,3.5
153,123,2.6
153,168,5.0
153,97,3.1
153,16,3.9
153,113,2.6
153,115,4.4
153,132,5.0
153,135,4.7
154,186,4.9
154,190,3.1
154,58,4.3
154,176,3.6
154,121,5.0
154,17,3.4
154,13,2.8
154,148,3.6
154,191,4.1
154,1,5.0
154,153,2.7
154,113,2.6
155,95,4.9
155,195,3.3
155,45,2.2
155,32,2.3
155,177,3.1
155,135,4.6
155,123,2.6
155,197,4.7
155,188,2.4
155,89,2.3
155,55,2.7
155,132,5.0
155,76,2.2
155,16,3.2
155,140,5.0
155,53,3.4
155,9,2.7
155,24,3.9
155,36,5.0
155,198,3.3
156,160,4.0
156,180,3.5
156,192,2.8
156,189,3.5
156,34,2.0
156,129,3.9
156,132,3.2
156,170,3.0
157,42,5.0
157,116,4.0
157,36,2.9
157,147,4.4
157,99,4.4
157,18,2.5
157,85,3.2
157,140,3.5
157,171,3.1
157,194,2.2
157,192,3.5
157,174,5.0
157,137,1.7
157,72,2.5
157,165,4.2
157,151,3.6
157,169,3.2
158,149,4.1
158,174,3.7
158,179,3.0
158,114,3.3
158,106,3.9
158,10,3.6
158,5,3.4
158,39,3.3
158,151,5.0
158,157,3.0
158,123,3.9
158,107,5.0
158,138,3.5
158,182,3.4
158,53,3.1
158,38,4.5
158,146,1.5
159,39,4.0
159,84,2.8
159,14,5.0
159,145,4.0
159,77,3.4
159,32,3.7
159,58,3.3
160,125,4.6
160,155,3.3
160,5,2.6
160,47,3.3
160,126,4.0
160,136,2.9
160,110,5.0
160,13,3.3
160,104,1.6
160,98,3.6
160,108,2.5
160,128,4.9
160,187,3.3
161,23,3.4
161,90,4.1
161,175,1.0
161,42,2.5
161,173,3.6
161,151,2.8
161,47,4.4
161,176,2.5
161,146,5.0
161,142,5.0
161,178,5.0
161,60,3.3
161,195,4.0
161,49,4.3
161,137,3.9
161,57,2.6
162,20,3.0
162,189,3.6
162,168,3.2
162,147,4.4
162,89,4.6
162,176,3.0
162,38,1.7
162,136,5.0
162,163,5.0
162,76,3.8
162,180,3.1
162,94,2.9
162,52,2.1
162,170,3.8
162,116,4.0
163,103,4.5
163,164,3.7
163,154,3.6
163,99,4.9
163,115,2.5
163,153,4.8
163,33,4.3
163,17,5.0
163,126,4.7
163,184,3.0
163,67,5.0
163,134,3.6
163,52,4.4
163,87,3.3
163,4,3.0
163,116,3.6
164,67,3.0
164,51,3.3
164,192,4.1
164,50,1.7
164,193,4.6
164,171,2.8
164,127,3.1
164,166,5.0
164,28,4.0
164,165,2.5
164,181,2.2
164,2,4.1
164,159,2.9
164,126,4.6
164,124,4.0
164,90,4.8
165,86,4.2
165,119,2.7
165,44,2.5
165,92,1.8
165,128,3.4
165,40,3.9
165,61,4.4
165,176,3.4
165,173,4.6
166,140,3.4
166,51,2.7
166,109,4.4
166,91,2.3
166,37,4.1
166,42,3.7
166,196,2.4
166,22,3.6
166,119,3.9
166,28,4.4
166,171,2.8
166,46,4.0
166,199,1.7
166,73,3.4
167,177,4.6
167,70,2.0
167,156,2.8
167,4,5.0
167,181,3.5
167,87,3.4
167,135,3.0
167,95,1.0
167,50,3.7
167,25,2.7
167,189,3.9
167,114,3.0
167,92,4.4
167,29,4.3
167,119,2.3
167,20,1.9
168,108,4.2
168,74,1.8
168,160,2.4
168,5,2.2
168,157,4.1
168,125,4.1
168,10,4.2
168,100,2.4
168,167,3.2
168,77,4.3
168,41,3.3
169,23,3.5
169,158,3.4
169,15,1.5
169,25,3.6
169,77,5.0
169,51,3.8
169,47,3.6
169,24,3.9
169,121,2.2
169,130,3.2
169,79,3.3
169,161,3.5
169,78,2.8
169,30,2.2
169,186,4.1
169,8,2.4
170,133,3.1
170,103,4.6
170,157,2.7
170,120,3.7
170,108,2.8
170,192,3.7
170,145,3.2
170,114,4.2
170,198,3.8
170,77,3.8
170,130,4.2
170,86,1.2
170,98,2.2
170,190,4.5
170,38,3.0
170,79,3.6
170,112,3.6
170,41,5.0
170,101,2.5
171,182,3.7
171,145,2.7
171,159,4.4
171,120,5.0
171,167,4.5
171,7,4.2
171,97,3.9
171,96,4.5
171,165,2.3
171,40,4.7
171,103,4.5
172,122,2.2
172,200,2.7
172,156,4.7
172,80,4.4
172,186,3.0
172,21,3.3
172,196,2.7
172,162,3.9
172,159,4.3
172,69,3.7
172,27,4.2
172,19,2.8
172,141,4.2
172,102,3.5
172,139,3.1
172,175,3.8
172,134,3.8
172,17,4.9
173,191,3.4
173,37,3.4
173,178,2.8
173,106,3.2
173,31,2.3
173,198,3.5
173,90,3.5
173,33,4.1
173,168,3.7
173,179,3.8
173,35,4.7
173,27,4.9
173,165,4.4
173,145,4.5
173,48,4.7
173,55,3.9
173,108,3.9
173,24,3.2
173,182,5.0
173,83,2.9
174,59,2.5
174,88,2.1
174,16,4.3
174,193,3.7
174,19,4.0
174,29,3.7
174,9,3.2
174,39,3.3
174,44,4.8
174,115,3.3
175,26,3.7
175,86,3.2
175,149,3.8
175,162,3.9
175,82,4.3
175,80,3.5
175,39,2.5
175,110,3.2
175,83,3.4
175,94,5.0
176,173,2.8
176,162,1.8
176,2,4.1
176,24,3.9
176,192,1.7
176,97,1.5
176,167,2.7
176,25,2.9
176,37,2.7
176,134,4.2
177,121,3.9
177,191,2.6
177,110,3.4
177,53,2.8
177,35,2.4
177,82,3.7
177,65,4.2
177,195,4.7
177,107,3.1
177,166,5.0
177,40,2.4
177,70,2.5
177,32,5.0
177,18,5.0
177,190,3.6
177,29,3.5
178,35,2.6
178,4,4.5
178,55,3.1
178,178,3.2
178,108,3.8
178,110,2.5
178,69,3.7
178,79,4.8
178,127,3.1
178,74,4.9
178,117,3.6
178,43,2.2
178,190,3.4
178,3,4.0
179,115,3.9
179,14,4.7
179,11,3.2
179,183,4.4
179,23,2.5
179,57,1.0
179,38,3.2
179,78,2.3
179,28,3.4
179,7,2.3
179,179,3.7
179,180,5.0
179,42,3.4
179,69,4.0
179,77,5.0
179,73,2.4
179,9,3.4
179,147,4.0
179,146,4.9
179,134,3.4
180,81,2.0
180,70,5.0
180,169,2.4
180,89,3.4
180,111,2.2
180,116,3.1
180,4,3.5
181,183,5.0
181,47,2.5
181,178,2.8
181,159,3.9
181,38,3.7
181,176,3.4
181,144,2.8
181,84,3.7
181,33,2.4
181,81,3.5
182,21,3.9
182,63,2.2
182,115,4.8
182,163,2.5
182,8,4.4
182,92,3.3
182,192,3.3
183,106,3.2
183,21,3.6
183,67,3.1
183,80,3.0
183,146,2.9
183,185,5.0
183,198,4.6
183,78,3.1
183,85,3.9
184,80,2.6
184,96,4.2
184,138,1.9
184,98,1.9
184,120,5.0
184,48,4.6
184,66,3.9
184,181,4.4
184,135,3.7
184,79,3.5
184,109,3.7
184,91,5.0
184,137,3.3
184,145,2.8
184,170,4.0
184,124,2.9
184,116,2.7
184,105,3.7
184,73,4.1
185,191,3.0
185,68,5.0
185,53,4.1
185,97,3.5
185,89,4.2
185,160,2.5
186,79,3.1
186,186,3.5
186,92,3.8
186,15,3.2
186,160,3.9
186,131,2.8
186,139,2.8
186,108,2.5
186,49,5.0
186,21,4.7
186,114,5.0
187,90,3.0
187,7,1.9
187,160,3.3
187,91,3.3
187,182,4.5
187,181,2.2
187,104,2.9
187,38,4.4
187,144,2.5
187,152,4.1
187,92,3.8
187,199,3.5
187,87,3.6
187,50,4.2
187,89,4.0
187,36,3.5
188,64,3.3
188,70,2.7
188,72,2.9
188,39,3.2
188,162,3.6
188,81,2.9
188,120,2.3
188,188,3.0
188,52,2.6
188,55,1.0
188,71,4.9
188,102,3.4
188,92,3.6
189,38,4.6
189,182,4.3
189,45,5.0
189,61,4.0
189,20,4.1
189,62,4.1
189,115,3.8
189,139,2.7
189,4,4.7
190,145,4.2
190,193,2.0
190,29,3.7
190,109,4.2
190,15,4.3
190,168,4.0
191,199,4.4
191,36,3.1
191,118,5.0
191,166,2.7
191,31,3.9
191,90,3.4
191,55,3.2
191,155,1.6
191,22,3.6
191,114,5.0
191,86,3.1
191,129,3.9
191,101,3.4
191,3,3.2
191,187,4.3
191,46,4.8
191,134,3.8
191,92,3.4
192,46,3.7
192,112,1.2
192,105,5.0
192,143,3.8
192,34,2.2
192,199,2.4
192,107,3.1
192,60,3.1
192,142,4.2
192,54,4.5
192,86,4.5
192,140,3.0
192,196,4.3
192,4,4.2
192,135,5.0
192,177,4.4
192,146,4.4
192,61,2.7
193,136,4.0
193,64,2.8
193,181,4.8
193,31,3.3
193,179,2.7
193,122,3.0
194,29,3.9
194,196,2.9
194,85,4.2
194,126,2.8
194,11,4.2
194,58,2.9
194,112,2.2
194,148,1.5
194,127,2.5
195,5,4.4
195,83,4.1
195,46,2.1
195,19,3.5
195,65,4.9
195,119,4.3
195,67,4.3
195,186,3.9
195,32,4.9
195,196,2.9
195,9,4.0
195,57,3.7
195,160,4.3
195,110,4.0
195,128,3.7
195,111,3.1
196,114,3.1
196,185,4.0
196,108,3.1
196,103,3.6
196,50,3.5
196,64,4.7
196,74,2.6
196,62,3.4
196,14,3.5
196,55,3.4
196,166,3.2
196,128,1.9
196,182,3.2
196,116,4.4
196,110,3.6
196,181,2.3
196,184,1.6
196,20,4.1
196,174,2.3
197,19,3.7
197,183,4.0
197,111,2.3
197,84,2.9
197,36,3.5
197,41,2.2
197,78,4.7
197,50,3.9
197,65,3.5
197,190,2.5
197,52,3.3
198,22,3.5
198,70,4.2
198,80,3.8
198,176,1.1
198,18,3.6
198,195,2.2
198,141,3.3
198,142,4.2
198,161,4.0
198,28,1.5
198,158,4.8
198,69,4.2
198,7,3.5
198,20,3.8
199,42,3.6
199,84,2.5
199,3,3.8
199,23,3.2
199,124,4.8
199,73,2.8
199,137,3.2
199,9,2.9
199,1,3.8
200,124,2.9
200,27,3.5
200,126,3.8
200,30,1.3
200,2,1.7
200,140,3.4
200,170,2.7
200,40,4.4
200,94,3.1
200,112,3.3
200,10,4.1
200,81,2.5
200,7,5.0
200,103,4.3
200,16,4.5
200,198,3.0
200,160,3.6
200,54,3.1
201,190,3.3
201,105,3.9
201,91,1.4
201,94,3.0
201,95,1.9
201,64,4.6
201,88,4.2
201,50,3.1
201,6,3.9
201,166,3.4
201,38,2.1
201,11,4.9
201,23,2.6
201,176,3.5
201,116,3.8
201,194,2.1
201,51,3.3
201,195,4.6
202,144,3.4
202,187,3.0
202,148,4.5
202,90,3.3
202,108,5.0
202,49,4.2
202,132,4.3
202,26,2.6
202,1,2.6
202,77,3.4
202,155,3.9
202,113,3.3
202,55,4.9
202,63,4.0
202,181,5.0
202,23,3.3
202,92,4.9
202,159,3.8
202,33,3.5
202,194,4.6
203,105,4.7
203,106,2.6
203,184,3.6
203,43,3.6
203,55,3.7
203,79,3.3
203,31,4.0
203,58,5.0
203,193,2.7
203,164,3.3
204,30,2.6
204,187,3.6
204,98,3.4
204,23,3.3
204,118,3.0
205,183,4.6
205,125,4.0
205,7,5.0
205,130,3.7
205,65,3.5
205,75,4.5
205,109,4.0
205,156,3.8
205,170,3.6
206,108,3.4
206,106,2.2
206,131,5.0
206,123,2.5
206,77,3.7
206,117,3.0
206,122,3.9
206,121,1.5
206,169,2.8
207,159,3.3
207,113,3.6
207,61,2.6
207,197,2.2
207,62,5.0
207,14,4.7
207,131,3.0
207,18,3.1
208,97,4.5
208,79,2.1
208,40,3.4
208,45,3.3
208,72,3.9
208,182,2.5
208,61,4.3
208,5,3.2
208,78,3.6
208,51,4.9
209,66,3.8
209,15,3.7
209,59,2.7
209,45,3.2
209,120,2.9
209,30,3.0
209,150,5.0
210,163,3.1
210,42,3.2
210,127,3.9
210,152,3.8
210,133,3.8
210,96,2.5
211,144,2.0
211,28,4.0
211,103,3.4
211,107,3.0
211,189,5.0
211,45,4.6
211,162,2.2
211,67,4.5
211,13,3.0
211,65,3.8
211,41,4.0
211,132,3.9
211,169,4.6
211,127,2.8
212,131,3.3
212,97,2.7
212,56,3.6
212,108,3.3
212,135,3.1
212,71,4.2
212,18,4.4
213,73,3.4
213,159,4.8
213,179,3.9
213,6,3.6
213,154,4.0
213,141,2.8
213,145,3.1
213,33,2.9
213,64,4.3
213,80,3.5
214,173,1.6
214,31,4.2
214,33,3.5
214,40,2.6
214,113,3.7
214,118,4.5
214,197,2.7
214,121,4.6
214,32,4.9
214,183,2.9
214,136,4.1
214,96,5.0
215,45,3.6
215,70,1.9
215,83,2.9
215,88,3.8
215,139,5.0
215,145,3.8
215,59,4.0
215,194,3.4
215,179,2.6
215,197,3.6
215,151,3.7
215,12,2.4
215,93,4.0
215,121,4.9
215,112,2.4
215,32,3.2
215,58,3.1
215,21,2.3
216,59,4.0
216,76,2.3
216,66,4.1
216,93,4.4
216,3,3.1
216,180,3.6
216,40,4.0
216,91,4.4
216,197,4.1
217,135,4.5
217,110,2.4
217,189,4.3
217,84,4.3
217,36,3.3
217,83,3.0
217,18,3.1
217,147,1.6
217,170,3.8
217,28,4.7
217,199,4.2
217,37,3.7
217,4,3.9
217,150,4.3
217,27,3.5
217,48,1.9
217,53,3.6
217,130,4.6
217,76,2.8
218,103,2.7
218,195,2.7
218,74,4.0
218,200,3.5
218,82,4.5
218,125,4.6
218,54,4.1
218,73,2.8
218,112,4.2
218,52,3.4
219,129,3.3
219,173,5.0
219,168,4.1
219,31,3.6
219,10,3.2
219,53,4.4
219,174,3.5
219,87,2.4
220,112,3.9
220,82,3.1
220,91,2.9
220,35,3.0
220,179,3.5
220,93,2.2
220,98,3.4
220,150,2.2
220,11,3.5
220,18,3.8
220,39,2.8
221,107,2.4
221,102,3.9
221,142,3.0
221,120,3.0
221,31,3.6
221,156,4.0
222,63,3.5
222,134,2.3
222,55,4.5
222,22,2.4
222,157,4.7
222,46,2.5
222,32,3.4
222,60,4.0
222,58,3.7
222,181,2.1
222,120,3.4
222,13,3.8
222,178,4.1
222,31,1.1
222,138,4.0
223,179,5.0
223,68,2.8
223,67,3.8
223,65,2.8
223,88,3.5
223,122,3.9
223,86,4.0
223,133,2.6
223,186,3.4
223,101,1.4
223,77,5.0
223,105,3.4
223,60,4.2
223,146,3.4
224,124,3.5
224,46,4.3
224,62,4.0
224,21,3.7
224,35,2.6
224,119,3.9
224,174,5.0
224,5,3.5
224,97,3.7
224,179,3.9
225,119,2.5
225,195,3.3
225,2,3.7
225,184,4.0
225,143,2.4
225,81,3.1
225,41,1.9
225,36,4.1
225,56,3.0
225,178,3.6
225,185,3.6
225,77,5.0
225,59,2.8
225,189,4.0
225,65,3.4
225,42,2.9
225,151,2.1
225,68,3.7
225,191,2.5
225,123,4.7
226,33,2.7
226,56,3.9
226,192,2.2
226,60,3.5
226,145,2.7
227,26,5.0
227,96,3.6
227,19,3.8
227,60,3.8
227,33,2.2
227,190,2.8
227,28,2.9
227,52,2.4
227,84,2.7
227,119,2.6
227,44,3.6
227,108,4.6
228,17,2.6
228,153,2.4
228,63,2.7
228,179,4.1
228,33,4.5
228,106,3.9
228,29,3.9
228,92,5.0
229,157,4.0
229,102,5.0
229,167,1.6
229,106,5.0
229,83,1.3
229,7,3.1
229,79,2.9
229,59,5.0
230,108,4.3
230,38,3.4
230,6,1.9
230,147,2.9
230,164,2.4
230,186,3.2
230,161,3.6
230,197,2.2
230,40,4.2
230,141,3.5
230,131,2.8
230,16,5.0
230,67,2.9
230,110,3.3
230,28,3.2
230,71,5.0
230,98,4.5
230,128,3.2
230,91,3.8
230,105,3.6
231,19,3.9
231,118,3.5
231,3,3.9
231,70,5.0
231,144,4.8
231,183,3.3
231,174,2.7
231,151,3.6
231,106,2.9
231,14,3.6
231,127,3.8
231,8,3.2
231,42,3.7
231,77,3.9
231,12,2.7
231,89,3.2
231,25,4.5
232,22,1.1
232,126,2.2
232,177,2.5
232,123,3.5
232,38,5.0
232,143,4.3
232,189,2.0
232,8,3.5
232,48,3.3
232,30,1.7
232,200,5.0
232,79,1.9
232,120,2.1
232,37,3.5
233,110,4.1
233,28,3.4
233,83,3.2
233,199,4.2
233,80,3.2
233,71,3.0
233,195,3.9
233,1,3.6
233,114,3.5
233,109,2.7
233,169,3.7
233,6,3.0
233,58,2.5
233,73,4.5
233,193,5.0
233,155,2.6
233,130,5.0
233,153,3.3
234,99,3.0
234,27,4.0
234,47,3.1
234,186,4.5
234,18,2.4
234,100,4.4
234,124,2.8
234,85,3.6
234,194,2.5
235,166,5.0
235,128,3.1
235,71,3.2
235,81,3.9
235,185,1.5
235,69,3.0
235,190,3.4
235,127,3.3
235,78,3.1
235,126,4.0
236,137,3.5
236,28,2.2
236,15,4.4
236,171,3.5
236,75,2.3
236,38,2.8
236,40,4.0
236,84,2.9
236,34,3.2
236,8,3.4
237,40,3.9
237,135,3.3
237,156,1.3
237,79,4.0
237,7,4.9
237,46,3.1
237,98,4.6
237,18,3.9
237,45,3.7
237,169,1.6
237,91,3.8
237,47,4.0
237,124,1.8
237,36,4.2
237,138,3.1
237,162,4.7
238,62,3.8
238,150,2.7
238,106,3.9
238,191,3.0
238,57,2.4
238,60,4.5
238,182,4.3
238,144,2.7
238,5,3.3
238,105,3.4
238,100,2.1
239,135,3.9
239,137,3.8
239,92,1.7
239,84,3.0
239,62,3.3
239,130,4.7
240,135,2.5
240,136,2.4
240,106,3.6
240,78,4.3
240,41,2.8
240,101,4.0
240,67,4.4
240,49,2.2
240,63,4.5
240,142,4.8
240,87,4.3
240,112,4.0
240,91,4.2
240,140,4.1
240,109,3.3
240,150,3.3
240,170,4.4
240,120,3.9
241,76,4.9
241,192,1.0
241,35,3.8
241,144,3.4
241,115,5.0
242,145,3.1
242,81,2.4
242,111,2.5
242,159,2.0
242,62,3.4
242,18,3.6
242,141,3.2
242,139,3.6
242,13,3.3
242,147,2.7
242,143,4.3
243,192,3.5
243,101,4.1
243,27,3.3
243,71,4.4
243,11,2.9
243,20,2.8
244,190,4.3
244,4,5.0
244,1,2.4
244,198,3.1
244,165,3.1
244,96,1.2
244,158,3.9
244,71,3.8
244,149,2.9
244,79,5.0
244,69,4.4
244,63,3.4
244,109,2.9
244,87,2.2
244,127,4.7
245,26,4.3
245,41,3.7
245,134,4.6
245,125,3.4
245,24,3.5
245,136,4.1
245,146,1.8
245,174,2.9
245,4,1.6
245,21,3.5
245,42,4.1
245,128,2.8
245,198,5.0
245,124,2.3
245,153,4.2
245,157,3.0
245,108,3.6
245,30,3.7
245,12,2.1
246,192,3.8
246,139,2.6
246,37,1.0
246,165,3.9
246,115,2.9
246,97,3.1
247,170,4.5
247,151,2.9
247,135,1.8
247,32,2.6
247,86,3.1
247,28,1.2
247,169,4.9
248,33,4.8
248,98,3.7
248,131,3.2
248,184,5.0
248,97,3.2
248,3,5.0
248,32,4.7
248,140,3.3
248,54,3.5
248,69,5.0
248,108,5.0
248,145,1.1
248,63,3.2
249,83,3.0
249,181,5.0
249,76,3.7
249,52,1.8
249,87,3.2
249,53,4.3
249,128,2.8
249,186,4.8
250,155,3.0
250,62,4.7
250,192,3.6
250,71,3.4
250,159,2.0
250,178,5.0
250,194,2.3
250,128,2.0
250,168,3.0
250,107,5.0
250,54,3.5
250,99,4.1
250,97,2.2
250,23,3.5
250,98,2.9
251,130,4.7
251,144,4.2
251,97,4.1
251,163,3.1
251,176,2.8
251,152,4.8
251,44,4.5
251,129,4.1
251,121,4.4
251,94,1.7
251,117,3.6
252,42,3.9
252,171,1.9
252,64,3.9
252,35,2.1
252,65,3.6
252,155,4.9
252,163,2.6
252,161,4.0
252,13,4.3
252,77,2.8
252,152,4.0
252,17,4.2
252,100,4.1
252,158,4.7
252,88,2.7
252,184,4.1
253,25,3.9
253,193,2.5
253,141,5.0
253,80,5.0
253,54,5.0
253,12,3.5
253,165,3.5
253,98,4.5
253,55,1.9
253,133,4.9
253,185,3.5
253,170,3.7
253,104,3.5
253,160,5.0
253,50,3.9
254,123,2.7
254,156,4.7
254,81,2.2
254,26,4.7
254,120,4.1
254,82,5.0
254,169,4.0
254,4,2.7
254,126,3.6
254,108,2.4
254,35,2.8
254,139,4.0
254,5,2.5
254,28,4.7
254,132,3.2
254,25,3.7
254,177,5.0
254,197,2.8
255,35,4.9
255,180,3.9
255,156,2.3
255,27,3.6
255,158,5.0
255,183,3.4
255,54,4.4
255,91,3.7
255,198,2.5
255,7,4.0
255,19,4.7
255,101,4.0
255,44,4.0
255,175,3.0
255,37,4.4
255,140,1.8
255,169,4.2
255,18,3.7
256,184,2.7
256,57,3.4
256,98,3.5
256,198,4.6
256,47,1.5
256,181,2.2
256,72,4.0
256,166,3.8
256,152,4.0
256,106,1.9
256,172,1.0
257,11,1.8
257,110,3.7
257,102,5.0
257,171,4.7
257,131,4.1
257,157,3.9
257,194,5.0
258,199,4.4
258,60,2.5
258,17,3.2
258,115,4.7
258,11,2.6
258,70,1.8
258,52,4.6
258,143,3.2
258,33,3.7
258,78,4.4
258,91,4.8
258,198,3.3
258,89,4.2
259,143,4.7
259,169,3.7
259,119,2.5
259,9,3.8
259,33,4.0
259,15,2.1
259,28,3.0
259,137,1.8
259,93,2.8
259,54,3.2
259,84,4.5
259,35,4.1
259,45,3.5
259,95,2.4
260,145,4.5
260,31,2.6
260,116,3.3
260,134,4.0
260,133,4.0
260,29,3.7
261,90,4.2
261,45,3.6
261,133,3.4
261,29,2.7
261,43,4.2
261,155,3.7
261,44,3.1
261,63,3.8
261,158,2.6
261,147,4.6
261,67,4.5
261,16,2.3
261,162,3.1
261,75,4.1
261,142,4.5
262,161,5.0
262,172,3.0
262,165,2.5
262,73,2.7
262,151,3.6
262,174,3.5
262,20,3.9
262,124,4.0
262,173,4.5
262,122,3.3
263,152,3.7
263,15,3.8
263,4,3.9
263,17,2.5
263,140,4.8
263,124,4.7
263,142,3.7
263,135,3.8
263,7,4.5
263,144,1.9
264,190,4.1
264,132,4.4
264,185,3.8
264,13,3.6
264,45,5.0
264,107,3.6
264,106,3.7
264,24,1.7
264,108,2.8
264,97,3.9
264,12,3.1
264,72,5.0
264,6,1.9
264,113,4.6
264,88,3.9
264,79,5.0
264,189,3.8
264,110,4.5
264,62,4.6
265,144,3.6
265,20,3.3
265,68,4.7
265,47,3.5
265,84,3.4
265,86,3.3
265,35,4.3
265,187,3.5
265,127,4.1
265,15,4.0
265,66,4.7
265,8,2.3
265,198,3.9
265,44,1.9
265,132,5.0
265,189,2.3
265,93,4.0
265,1,4.3
265,131,1.7
266,13,1.6
266,47,4.1
266,108,4.3
266,76,2.8
266,169,3.8
266,194,3.9
266,84,4.2
266,85,4.0
266,153,3.5
267,130,3.1
267,164,2.9
267,61,1.5
267,162,3.7
267,110,2.7
267,40,3.4
267,143,3.2
267,114,4.7
267,186,2.6
267,115,2.7
267,176,4.7
267,8,5.0
267,22,5.0
267,144,3.0
267,167,2.6
267,113,3.0
267,30,2.6
267,11,2.6
267,52,1.9
267,193,2.8
268,58,4.2
268,109,4.4
268,183,3.1
268,102,2.9
268,157,2.5
268,178,2.9
268,85,3.9
269,39,2.3
269,132,2.6
269,90,3.4
269,133,2.1
269,162,2.8
269,74,3.8
269,53,3.2
270,149,2.8
270,127,1.9
270,140,4.8
270,112,2.6
270,54,2.7
270,76,3.7
270,88,4.9
270,155,5.0
270,94,4.1
271,166,3.9
271,19,2.9
271,160,5.0
271,14,2.7
271,168,4.2
271,29,3.4
271,5,3.2
271,86,4.8
271,110,4.8
271,167,1.3
271,7,4.8
271,10,3.9
271,13,2.2
271,102,4.1
271,135,4.0
271,98,5.0
271,63,2.8
271,139,3.1
271,154,3.2
271,193,3.9
272,152,3.0
272,190,1.0
272,148,2.3
272,23,3.9
272,119,3.5
272,103,3.2
272,31,2.3
273,189,5.0
273,123,3.8
273,50,3.5
273,38,3.3
273,96,2.5
273,166,4.3
273,62,3.2
274,79,2.5
274,60,5.0
274,99,3.8
274,182,4.0
274,193,2.9
275,15,2.5
275,112,1.9
275,119,5.0
275,35,4.7
275,118,3.2
275,172,3.6
275,143,2.2
275,129,2.2
275,162,5.0
275,29,4.4
276,110,4.9
276,63,2.9
276,29,3.2
276,112,3.4
276,47,2.6
276,2,3.5
276,119,5.0
276,33,2.3
276,62,3.7
276,83,4.8
276,23,3.7
276,78,2.7
276,150,5.0
276,104,3.1
276,22,4.8
276,74,3.8
276,151,3.4
276,50,4.5
276,85,2.5
277,55,4.2
277,17,3.6
277,92,4.9
277,11,1.9
277,66,4.3
277,86,5.0
277,151,4.7
278,131,3.3
278,193,2.3
278,22,2.9
278,117,5.0
278,144,1.8
278,30,4.1
278,49,3.1
278,135,3.1
278,132,2.4
278,39,2.7
278,8,2.8
278,20,3.1
278,91,4.9
278,2,3.6
278,29,2.1
279,105,2.5
279,182,2.4
279,9,3.5
279,80,5.0
279,155,3.6
279,16,2.9
279,137,3.2
279,117,4.2
279,62,4.4
279,8,2.5
279,176,4.5
279,145,3.4
279,196,2.4
279,67,2.7
279,194,4.4
279,180,2.4
279,112,3.9
279,123,2.9
280,18,5.0
280,81,2.9
280,145,4.6
280,49,3.3
280,87,4.5
280,181,3.0
280,121,3.1
280,55,3.1
281,185,3.7
281,163,2.6
281,200,3.1
281,128,2.3
281,3,4.5
281,96,4.8
281,56,3.6
282,12,4.2
282,191,4.3
282,72,2.9
282,142,4.2
282,20,4.1
282,198,2.4
282,47,3.1
282,121,4.2
282,155,4.3
282,38,2.8
282,135,5.0
282,43,3.3
282,37,2.3
282,96,3.3
283,164,4.3
283,1,3.1
283,183,2.6
283,31,5.0
283,105,3.0
283,46,3.7
283,154,3.6
283,192,4.5
284,155,1.1
284,159,3.4
284,41,2.6
284,92,1.9
284,98,4.2
284,59,4.3
284,60,3.4
284,84,1.6
284,161,3.4
284,146,4.9
284,3,3.2
284,46,4.7
285,116,3.5
285,45,3.1
285,171,2.7
285,47,3.6
285,43,3.7
285,100,3.4
285,108,2.5
285,164,3.9
286,175,4.0
286,31,5.0
286,70,4.2
286,159,4.7
286,62,2.5
286,154,3.2
286,133,4.7
286,97,2.6
286,121,3.9
286,103,2.9
287,90,2.5
287,174,3.7
287,29,4.0
287,149,5.0
287,28,3.5
287,4,4.0
287,178,2.8
287,112,3.0
287,180,3.5
288,183,4.0
288,172,4.2
288,47,4.0
288,197,5.0
288,66,3.1
288,125,1.8
288,28,1.9
288,33,4.3
288,50,3.0
288,32,4.0
288,6,5.0
288,151,4.0
288,161,3.7
289,92,4.3
289,97,4.3
289,163,3.7
289,58,4.2
289,192,4.2
290,153,2.4
290,24,3.0
290,59,2.2
290,100,2.2
290,179,3.9
290,149,2.6
290,193,1.7
290,161,3.4
290,91,2.9
291,14,2.4
291,47,3.6
291,169,3.8
291,38,5.0
291,126,3.0
291,70,3.0
291,15,4.9
291,33,2.8
291,67,5.0
291,140,2.3
291,7,3.8
291,31,3.5
291,141,4.0
291,130,3.2
291,164,4.8
291,61,4.1
292,119,3.2
292,97,2.3
292,7,2.4
292,38,2.1
292,5,1.9
292,172,3.6
292,174,4.2
292,32,4.0
292,25,4.4
292,185,3.4
292,178,4.4
292,104,4.6
292,100,2.8
292,106,3.9
292,116,1.2
292,84,2.1
292,4,4.8
292,64,4.5
292,66,3.2
292,167,3.7
293,143,3.3
293,138,2.6
293,55,2.3
293,177,2.8
293,112,3.7
293,156,3.3
294,19,4.8
294,70,3.1
294,65,2.8
294,35,2.9
294,190,5.0
294,98,2.9
294,113,4.7
294,110,3.8
294,132,4.0
294,58,4.2
294,157,3.2
294,176,3.9
294,84,3.1
295,45,4.8
295,3,2.1
295,169,3.0
295,131,4.6
295,22,5.0
295,55,3.1
295,176,4.6
295,8,3.2
296,117,4.1
296,122,4.1
296,163,2.8
296,174,3.6
296,6,3.8
296,142,3.7
296,199,3.7
296,138,3.0
296,136,2.6
296,45,3.3
296,157,5.0
296,5,3.9
296,55,3.3
296,21,2.7
296,98,5.0
297,4,4.1
297,55,4.3
297,119,2.8
297,50,3.9
297,65,1.9
297,75,3.2
297,141,3.3
297,108,4.1
297,81,4.5
297,127,4.3
297,146,2.6
298,29,4.0
298,176,3.6
298,77,3.1
298,165,4.0
298,16,4.1
298,94,3.2
298,35,3.2
299,112,4.2
299,133,2.9
299,115,5.0
299,40,3.7
299,79,3.8
299,5,3.1
299,142,3.2
299,128,3.5
299,197,1.7
299,84,4.0
299,41,3.5
299,10,4.5
299,135,4.8
299,157,4.5
299,2,3.0
299,159,3.9
299,71,5.0
299,57,2.5
300,132,4.3
300,134,2.8
300,95,3.9
300,83,2.1
300,19,3.1
300,198,3.0
300,118,4.0
300,48,2.6
300,45,3.9
300,110,4.7
300,21,3.0
301,99,4.5
301,92,4.2
301,130,4.6
301,172,3.3
301,52,3.3
301,194,5.0
301,14,2.5
301,158,3.9
301,30,4.0
301,100,4.2
301,46,2.3
301,71,2.6
301,151,2.8
301,87,3.0
301,114,2.5
301,157,4.1
301,45,2.8
301,197,3.9
301,74,2.5
302,147,2.8
302,25,4.6
302,188,3.7
302,113,2.9
302,117,4.8
302,109,3.5
302,155,3.5
302,182,4.2
302,48,3.9
302,132,5.0
302,66,3.4
302,47,4.0
302,129,3.9
302,180,3.7
302,103,3.6
302,130,1.9
302,110,2.2
302,134,4.0
302,75,3.4
303,197,4.8
303,46,2.7
303,167,5.0
303,116,5.0
303,57,5.0
303,103,2.6
303,23,3.1
303,110,2.5
303,150,2.7
303,184,4.1
303,139,3.5
303,64,1.0
303,168,3.6
303,113,3.3
303,142,3.3
303,58,2.3
304,185,5.0
304,92,2.3
304,96,3.4
304,25,5.0
304,17,2.3
305,119,4.8
305,111,3.7
305,74,2.8
305,128,4.6
305,8,3.2
305,5,3.7
305,60,3.1
305,50,2.6
305,33,4.0
306,30,4.2
306,3,4.1
306,165,1.5
306,8,3.6
306,59,2.6
306,38,5.0
306,95,3.7
306,167,5.0
306,179,4.4
306,35,2.6
306,132,4.1
306,16,3.4
306,54,3.1
306,98,2.1
306,138,3.1
306,177,4.2
306,194,2.5
306,11,2.9
306,187,2.7
306,75,5.0
307,89,4.1
307,85,2.6
307,23,3.2
307,45,3.3
307,191,4.0
307,198,2.8
307,10,4.8
307,151,4.0
307,119,3.4
307,136,4.5
307,16,3.5
307,189,5.0
308,2,4.7
308,170,4.0
308,134,4.4
308,143,5.0
308,121,2.7
308,78,4.8
308,129,4.9
308,124,2.3
308,131,4.1
308,126,4.8
308,93,2.8
309,152,3.0
309,175,3.7
309,80,3.4
309,177,4.1
309,101,4.6
309,118,4.0
309,24,2.7
309,83,3.0
310,77,2.5
310,124,4.1
310,123,2.3
310,22,3.4
310,41,3.8
310,178,4.4
310,25,2.2
310,101,4.6
310,137,4.2
310,46,3.2
310,168,4.7
310,11,4.7
310,133,4.1
311,189,2.9
311,87,5.0
311,169,4.0
311,20,4.6
311,139,3.8
311,147,2.9
311,133,4.5
311,103,3.4
311,172,3.7
311,120,4.3
311,136,2.0
311,199,3.8
311,46,3.7
312,62,2.6
312,145,2.4
312,192,4.1
312,23,2.4
312,141,4.8
312,18,2.8
312,34,5.0
312,60,2.6
312,135,4.1
312,100,4.5
312,39,2.2
313,27,3.4
313,198,4.0
313,165,4.6
313,137,5.0
313,95,2.2
314,200,4.6
314,164,3.1
314,57,5.0
314,1,3.4
314,171,3.7
315,84,5.0
315,43,3.4
315,134,3.2
315,27,4.0
315,160,3.1
315,86,2.8
315,139,2.1
315,158,4.0
315,88,1.7
315,123,3.4
315,136,3.6
315,12,3.2
315,153,3.2
315,172,1.9
315,200,3.5
315,78,3.4
315,152,2.4
315,163,3.0
316,182,1.3
316,13,3.6
316,60,3.4
316,192,2.9
316,11,4.0
316,56,2.8
316,71,4.0
316,69,3.8
316,190,4.2
316,72,3.8
316,163,3.8
316,70,2.5
316,73,2.2
316,138,3.7
316,34,3.4
316,20,4.5
316,55,3.5
316,64,3.6
316,158,3.7
316,191,4.6
317,48,4.7
317,49,3.7
317,24,4.5
317,137,5.0
317,127,3.2
317,185,5.0
317,50,3.6
318,160,3.5
318,74,2.2
318,187,3.4
318,79,3.5
318,116,4.6
318,133,4.9
319,67,4.0
319,163,4.7
319,102,5.0
319,25,3.8
319,31,3.1
319,116,5.0
319,151,4.6
319,198,5.0
319,187,3.4
319,90,4.0
320,191,3.3
320,172,3.9
320,40,3.7
320,12,3.1
320,85,4.1
320,24,5.0
320,100,4.2
320,41,3.6
320,169,3.6
321,20,1.1
321,179,5.0
321,169,3.7
321,80,3.8
321,155,5.0
321,64,3.1
321,97,3.0
321,193,3.1
321,163,3.9
321,112,5.0
322,196,2.4
322,156,2.5
322,51,3.6
322,46,2.2
322,80,4.8
322,20,2.0
322,124,2.9
322,185,4.1
322,132,3.7
323,18,3.7
323,21,2.4
323,168,4.0
323,34,1.9
323,170,3.8
324,181,3.6
324,64,4.0
324,196,3.0
324,122,3.4
324,173,4.0
324,137,2.1
324,110,2.6
324,1,4.2
324,167,5.0
325,135,4.0
325,73,2.6
325,169,2.8
325,89,4.1
325,191,4.0
325,78,5.0
325,170,5.0
325,35,3.1
325,130,1.2
325,50,4.2
325,189,3.9
325,31,5.0
325,28,3.3
325,180,3.9
325,33,4.4
326,147,4.1
326,104,3.9
326,34,5.0
326,21,2.9
326,61,3.4
326,87,2.1
326,151,3.8
326,62,2.7
326,196,5.0
326,165,2.8
326,127,4.2
326,122,3.3
326,66,2.1
326,128,4.9
327,107,3.7
327,129,2.7
327,30,3.4
327,104,4.5
327,84,4.1
327,16,4.0
327,194,2.4
327,71,3.4
327,172,4.0
327,43,3.9
327,83,3.5
328,152,3.2
328,143,4.1
328,44,5.0
328,1,3.2
328,52,3.4
328,150,3.9
328,188,3.2
328,195,2.8
328,126,2.4
328,171,3.5
328,6,3.0
328,133,5.0
328,166,3.1
328,10,2.5
328,162,3.6
329,171,4.8
329,165,4.1
329,111,2.0
329,138,3.8
329,169,3.9
329,174,1.8
329,38,3.7
329,193,3.5
329,144,3.2
329,69,3.6
329,132,5.0
329,168,2.6
329,100,2.7
329,52,3.7
329,46,3.9
329,56,2.3
329,133,3.8
330,50,2.6
330,157,4.4
330,60,4.1
330,134,2.8
330,12,3.8
330,142,2.2
330,65,4.7
330,56,2.9
330,102,4.5
330,179,2.8
330,140,4.0
330,101,4.0
330,113,4.5
331,47,3.0
331,145,2.3
331,137,5.0
331,83,4.3
331,194,4.7
331,160,4.4
331,29,3.5
331,179,2.3
331,175,2.7
331,21,3.7
331,68,2.4
331,148,4.2
331,181,5.0
331,177,2.3
332,114,4.6
332,95,2.8
332,36,4.0
332,135,3.7
332,157,4.4
332,28,4.9
332,134,2.5
332,176,5.0
332,40,4.8
332,96,4.5
332,49,3.7
332,81,3.0
332,175,4.2
332,148,4.6
332,57,2.2
333,163,3.4
333,148,3.8
333,78,5.0
333,168,2.6
333,2,4.4
333,141,3.4
333,104,3.5
333,165,3.1
333,91,3.7
333,177,1.7
333,182,2.2
333,62,2.0
333,73,3.2
333,85,5.0
333,155,3.1
333,97,4.2
334,90,3.6
334,160,4.2
334,101,3.8
334,39,2.7
334,3,3.6
334,22,2.4
334,151,4.7
334,115,3.6
334,142,3.3
334,150,2.8
335,16,3.3
335,195,2.2
335,88,5.0
335,131,3.9
335,196,3.2
335,179,2.7
335,154,4.1
335,26,3.6
335,98,2.4
335,57,3.0
335,141,3.0
335,74,5.0
335,198,3.7
335,130,2.9
335,19,3.5
336,114,2.7
336,80,4.1
336,40,2.2
336,115,4.5
336,165,2.7
337,25,3.8
337,96,2.3
337,169,2.2
337,76,2.6
337,89,3.6
337,86,3.8
338,198,3.5
338,145,3.7
338,57,3.5
338,101,3.1
338,65,2.4
338,150,4.5
338,111,3.6
338,80,2.7
338,152,4.7
338,140,3.2
338,17,3.3
338,24,3.5
339,58,2.9
339,172,4.7
339,71,3.0
339,136,2.9
339,179,4.5
339,24,2.5
339,68,2.3
339,65,3.8
339,111,4.2
339,8,2.8
339,76,3.6
339,143,3.1
339,144,2.1
339,129,4.1
339,192,2.5
339,18,5.0
339,19,3.6
339,173,4.1
340,77,5.0
340,80,3.8
340,61,2.5
340,177,4.2
340,178,3.1
340,141,3.6
341,178,5.0
341,78,2.6
341,112,3.7
341,121,1.7
341,159,3.1
341,12,4.2
341,119,4.5
341,182,2.6
341,162,2.0
341,74,4.8
341,158,2.9
341,7,2.5
341,57,3.8
341,181,3.4
341,64,3.0
341,54,4.4
341,195,5.0
341,164,3.3
341,150,3.1
342,8,3.2
342,168,3.7
342,122,3.3
342,136,2.9
342,144,2.8
342,123,4.1
342,17,3.2
342,115,3.2
342,199,4.2
342,119,2.7
342,3,3.0
342,195,1.6
342,182,1.9
342,140,1.7
342,55,3.9
343,98,3.5
343,123,2.8
343,20,1.0
343,177,3.9
343,18,3.8
343,22,4.5
343,141,5.0
343,166,2.1
343,86,3.2
343,14,4.2
343,60,3.6
343,62,4.0
343,50,4.4
344,29,2.4
344,178,4.4
344,15,1.4
344,200,5.0
344,80,2.9
344,33,1.9
344,6,3.0
344,35,3.8
344,99,2.4
344,177,4.9
344,189,5.0
344,196,4.8
344,186,3.4
344,92,1.9
344,171,3.1
344,106,2.5
344,82,3.4
344,147,2.8
344,68,3.3
345,59,3.3
345,148,3.8
345,200,2.8
345,130,1.5
345,160,3.6
345,119,2.5
346,17,2.9
346,97,3.6
346,38,2.8
346,96,3.5
346,27,3.8
346,19,2.2
346,180,2.0
346,49,2.7
346,59,3.6
346,54,2.2
346,173,3.6
346,63,4.8
346,39,2.2
346,111,1.4
346,146,3.7
346,32,4.4
347,87,3.4
347,88,4.2
347,112,5.0
347,18,4.3
347,186,3.8
347,16,4.3
347,55,4.4
347,40,4.5
347,168,4.7
347,189,3.4
347,5,3.9
347,198,5.0
347,2,3.8
347,49,2.5
347,114,4.2
348,24,3.0
348,21,3.6
348,198,2.7
348,31,3.2
348,57,3.3
348,7,4.7
348,158,4.9
349,94,2.0
349,200,4.3
349,113,2.6
349,167,4.3
349,46,3.0
349,184,4.7
349,109,3.2
349,49,3.0
349,143,3.5
350,108,3.2
350,92,3.6
350,76,3.0
350,34,4.6
350,45,4.6
350,56,1.8
350,71,4.3
350,68,5.0
350,88,3.5
350,168,4.9
351,15,3.7
351,183,4.4
351,175,3.6
351,117,4.4
351,109,4.4
351,21,4.0
351,124,4.0
351,24,3.8
351,100,3.8
351,53,4.4
351,103,4.1
351,6,3.0
351,148,3.6
351,37,2.7
351,108,3.3
351,102,1.0
352,90,4.8
352,6,4.0
352,105,5.0
352,100,4.3
352,44,4.2
352,163,1.8
352,43,2.2
352,144,2.1
353,173,2.3
353,77,2.4
353,10,4.3
353,103,3.1
353,101,4.4
353,105,3.3
353,12,3.1
353,194,2.7
353,79,3.8
353,60,5.0
353,39,3.9
353,114,3.7
353,196,5.0
353,136,3.6
353,156,4.7
353,120,4.3
353,110,3.5
353,1,3.8
353,59,2.9
353,168,3.1
354,196,5.0
354,157,3.5
354,88,5.0
354,54,3.2
354,27,3.5
354,67,3.9
354,39,4.3
354,26,3.6
354,14,4.2
354,167,1.9
354,197,2.9
354,181,5.0
354,33,4.8
354,16,4.6
354,160,3.7
355,116,2.9
355,126,3.9
355,128,4.3
355,145,4.2
355,70,4.2
355,125,4.6
355,105,3.5
355,1,5.0
355,195,3.2
355,57,2.0
355,135,2.1
355,151,2.4
355,75,3.3
355,133,4.6
355,63,3.9
355,24,1.4
355,52,3.2
355,14,3.5
355,100,5.0
355,17,4.2
356,95,4.6
356,21,3.4
356,60,3.1
356,66,3.5
356,196,3.4
356,77,3.5
356,194,2.9
356,8,1.9
356,87,4.5
356,73,4.0
356,23,3.9
356,107,3.9
356,25,3.5
356,55,2.7
356,143,4.7
357,93,4.3
357,149,2.3
357,66,1.7
357,24,3.5
357,87,3.5
357,127,3.3
357,34,2.2
357,102,4.8
357,126,2.8
357,60,2.7
357,161,4.0
357,160,2.8
357,140,3.5
357,112,3.9
357,45,4.0
357,62,3.3
358,37,3.5
358,150,3.3
358,172,4.5
358,57,3.8
358,140,4.0
358,72,3.4
358,53,1.7
358,137,2.3
358,183,4.9
358,134,1.7
358,40,5.0
358,193,5.0
358,142,4.2
358,11,3.0
359,28,3.9
359,132,2.6
359,191,4.2
359,89,5.0
359,116,1.0
360,194,3.2
360,172,3.9
360,105,3.9
360,55,2.6
360,114,4.3
360,38,4.0
360,130,3.1
360,179,4.4
360,78,3.9
360,88,3.6
360,68,2.4
360,17,2.1
360,164,3.1
360,69,3.9
360,21,3.5
360,145,2.9
360,14,4.8
360,124,2.9
360,147,4.4
361,189,4.5
361,125,4.3
361,115,3.4
361,166,5.0
361,39,2.3
361,12,4.8
361,146,4.6
361,78,2.9
361,58,2.8
361,157,3.4
361,94,3.9
361,77,1.7
362,70,3.5
362,121,2.1
362,14,2.7
362,136,1.7
362,134,4.0
362,2,3.0
362,110,3.4
362,114,4.7
362,75,4.3
362,24,3.9
362,99,5.0
363,120,3.2
363,182,3.2
363,150,3.0
363,36,4.1
363,2,3.9
363,103,3.6
363,181,3.9
363,109,4.0
363,166,2.9
363,175,3.9
363,119,3.9
363,83,3.9
363,144,4.5
363,200,4.3
363,190,4.0
363,161,3.9
363,196,4.5
363,16,3.6
363,199,2.3
363,63,3.1
364,24,3.2
364,61,3.4
364,117,4.3
364,120,1.7
364,177,3.3
364,183,1.8
364,158,3.4
364,180,4.3
364,101,2.0
364,74,4.0
364,184,2.3
364,105,3.4
365,134,5.0
365,123,5.0
365,82,4.0
365,1,3.1
365,2,2.8
365,175,2.4
365,172,1.9
365,95,3.2
365,22,4.5
365,14,3.7
365,164,4.6
366,105,2.0
366,131,4.6
366,133,3.3
366,189,3.6
366,45,5.0
366,136,5.0
366,70,4.2
366,98,3.7
367,199,2.6
367,83,3.1
367,97,3.9
367,47,4.2
367,81,5.0
368,73,3.5
368,90,4.5
368,103,3.5
368,67,2.8
368,42,3.8
368,116,3.6
368,35,4.4
369,179,1.8
369,105,2.3
369,49,1.0
369,76,3.5
369,200,5.0
369,189,2.1
369,102,3.6
369,140,2.2
369,178,3.9
369,12,4.9
369,128,4.5
369,141,1.6
369,190,5.0
369,7,1.3
370,186,3.3
370,197,2.4
370,143,5.0
370,177,4.6
370,42,4.5
370,187,3.8
371,52,2.9
371,190,4.1
371,16,2.2
371,132,3.3
371,14,3.9
371,35,3.7
371,65,4.9
371,108,3.7
371,125,3.8
371,111,3.7
371,19,3.0
371,163,3.7
371,62,2.9
371,135,4.8
371,10,1.6
371,179,5.0
371,60,3.6
372,186,3.2
372,165,5.0
372,136,3.6
372,138,3.7
372,93,2.8
372,12,4.1
372,143,4.4
372,57,4.1
372,66,2.6
372,154,2.8
373,93,4.1
373,12,4.6
373,79,4.1
373,96,5.0
373,197,4.5
373,84,2.6
373,186,4.3
373,127,4.0
374,105,2.5
374,132,5.0
374,16,3.4
374,141,2.7
374,164,3.2
374,138,3.1
374,49,3.9
374,70,5.0
374,142,2.8
374,24,4.5
374,166,4.9
374,14,4.7
374,167,2.3
374,158,5.0
374,140,5.0
374,102,3.0
374,133,1.5
374,68,3.6
374,188,4.1
375,161,4.1
375,92,2.9
375,189,2.8
375,199,4.1
375,116,3.2
375,73,3.6
375,187,3.0
375,55,3.9
375,190,4.9
375,8,4.2
376,39,4.1
376,108,3.4
376,117,3.9
376,72,2.8
376,70,3.0
376,17,2.3
377,26,5.0
377,16,3.2
377,55,3.8
377,157,5.0
377,88,2.7
377,32,3.9
377,77,3.3
377,178,1.9
377,197,2.5
377,151,3.9
378,181,3.6
378,147,3.5
378,157,3.7
378,135,2.8
378,114,4.0
378,187,4.0
378,116,4.6
378,109,4.1
378,130,4.2
378,175,3.9
378,50,3.3
378,36,4.4
378,167,5.0
378,47,4.0
378,27,3.4
378,177,4.1
378,95,3.5
378,162,3.0
379,33,3.3
379,129,4.4
379,29,2.3
379,102,4.0
379,158,3.8
379,55,5.0
379,76,5.0
379,105,2.9
379,197,5.0
379,96,3.7
379,95,5.0
379,130,2.7
380,178,3.2
380,144,3.8
380,127,2.6
380,163,2.7
380,94,3.1
380,168,3.5
381,107,4.1
381,132,5.0
381,61,2.5
381,28,3.4
381,99,2.4
381,63,4.2
381,182,3.3
381,200,1.8
381,165,2.8
381,177,2.9
381,131,5.0
381,103,4.2
382,148,3.6
382,17,4.2
382,45,4.6
382,42,3.4
382,181,4.8
382,176,4.1
382,55,3.0
382,85,2.4
382,43,5.0
382,145,3.1
382,53,1.8
382,18,2.4
382,141,5.0
382,1,4.9
382,131,4.4
382,77,3.2
382,71,4.1
382,28,2.9
383,88,3.7
383,59,3.9
383,40,4.1
383,167,2.9
383,25,3.8
383,135,2.3
383,22,3.8
383,199,3.3
383,117,4.1
384,84,2.2
384,100,3.6
384,181,3.0
384,80,2.9
384,61,5.0
384,68,4.8
384,62,2.2
384,167,4.6
384,159,3.5
384,49,2.0
384,123,3.9
384,36,4.6
384,121,4.5
384,28,2.4
384,188,3.9
384,144,3.2
384,86,5.0
384,127,2.6
385,179,3.3
385,200,4.2
385,55,3.6
385,138,3.3
385,88,3.8
385,164,4.3
385,126,4.6
385,120,1.5
385,28,3.5
385,181,3.3
385,46,5.0
385,119,2.5
385,110,3.9
385,170,1.4
385,61,3.3
385,20,3.4
385,98,3.9
385,3,3.5
386,74,2.8
386,6,2.2
386,142,5.0
386,182,3.8
386,112,5.0
386,67,3.5
386,63,4.3
386,132,2.9
387,153,4.3
387,77,3.5
387,34,3.0
387,109,4.0
387,19,2.4
387,128,4.1
387,83,3.5
387,97,4.4
387,137,4.2
387,163,5.0
387,167,5.0
387,186,2.8
387,150,3.3
387,164,4.1
387,144,2.0
387,26,3.4
387,136,3.8
387,41,3.6
387,112,3.1
387,129,3.3
388,103,5.0
388,158,2.9
388,135,2.7
388,122,4.6
388,73,1.8
388,53,2.5
388,149,5.0
389,184,2.7
389,198,2.6
389,181,3.0
389,11,3.7
389,174,4.5
389,124,4.6
389,64,4.3
389,84,3.3
389,125,3.0
390,118,4.4
390,196,2.4
390,16,3.3
390,111,2.5
390,76,3.7
390,158,4.2
390,162,2.8
390,91,4.6
390,166,3.2
391,149,4.5
391,158,2.3
391,162,4.3
391,144,2.9
391,112,4.0
391,164,2.8
392,187,3.9
392,133,2.4
392,170,4.6
392,132,2.8
392,28,2.5
392,134,4.3
392,54,4.3
392,24,2.9
392,151,4.8
392,101,2.6
392,53,4.5
392,188,3.0
392,169,2.4
392,44,4.0
392,15,2.8
392,100,2.0
393,6,3.9
393,38,2.8
393,149,2.8
393,26,4.0
393,112,4.3
394,195,3.4
394,115,3.9
394,197,3.9
394,139,4.7
394,73,3.4
395,22,1.3
395,115,2.6
395,108,3.2
395,154,3.6
395,19,3.5
395,132,2.7
395,73,2.6
395,194,3.2
395,98,2.8
395,83,3.7
395,85,1.3
395,142,3.6
396,38,5.0
396,66,2.6
396,90,1.1
396,65,2.6
396,138,3.3
396,195,2.7
396,69,4.1
396,159,4.0
396,12,5.0
396,44,5.0
396,53,3.5
396,194,3.9
396,83,2.0
396,140,3.1
396,85,3.6
397,96,4.5
397,23,4.0
397,161,3.4
397,85,3.9
397,194,3.7
397,109,5.0
397,18,2.9
398,156,3.5
398,110,3.7
398,94,4.9
398,2,2.6
398,193,3.5
398,33,3.2
398,64,3.0
398,157,3.6
398,199,1.2
398,185,3.7
398,198,5.0
398,65,2.5
398,162,4.2
398,126,4.9
398,69,3.8
398,73,4.1
398,71,2.9
399,100,2.7
399,4,3.5
399,24,4.2
399,174,4.7
399,13,3.7
399,91,3.7
399,139,4.0
399,124,4.4
399,63,2.0
399,179,3.9
399,40,4.7
399,162,1.6
399,164,2.9
399,56,2.5
399,166,2.7
399,200,4.2
399,5,5.0
400,32,3.9
400,65,4.7
400,31,5.0
400,25,4.2
400,184,2.2
401,107,3.9
401,38,2.1
401,191,3.3
401,49,4.2
401,176,2.4
401,103,4.5
401,90,2.5
401,168,1.6
401,58,3.9
402,169,4.2
402,158,2.7
402,134,2.0
402,48,2.6
402,187,3.1
402,85,1.9
402,196,3.8
402,53,3.1
402,177,4.7
402,111,2.8
402,171,4.4
402,9,3.4
402,50,3.2
402,92,3.6
402,151,3.2
402,81,4.7
402,195,2.4
402,141,2.7
402,108,4.3
402,91,2.2
403,147,4.0
403,67,3.5
403,185,4.0
403,52,3.4
403,49,3.4
404,2,4.5
404,194,1.8
404,126,2.5
404,84,1.0
404,144,3.7
404,164,1.8
404,36,3.9
404,46,4.1
404,121,3.2
404,66,5.0
404,8,1.5
404,82,3.2
404,28,3.6
404,88,2.8
404,25,2.5
404,200,2.6
405,163,4.3
405,111,5.0
405,192,3.2
405,40,4.6
405,50,3.5
405,151,3.7
405,140,3.0
405,114,2.5
405,68,3.5
405,113,3.3
405,66,4.1
406,176,3.4
406,127,3.6
406,187,3.1
406,44,3.8
406,69,2.2
406,73,4.4
406,99,4.9
406,80,2.6
406,128,5.0
406,51,3.7
406,141,2.2
406,146,3.0
406,167,4.3
407,178,4.6
407,77,4.2
407,167,2.1
407,193,3.1
407,184,2.6
407,58,1.9
407,54,3.6
407,98,2.2
407,191,2.4
407,22,3.6
407,100,5.0
407,18,3.4
407,19,2.9
407,55,2.9
407,36,1.9
408,23,3.7
408,136,1.4
408,144,2.4
408,113,4.6
408,111,3.7
408,193,4.6
408,69,3.7
408,133,3.9
408,190,4.7
408,100,2.1
408,43,3.6
409,119,2.6
409,164,1.9
409,43,3.3
409,27,3.1
409,94,3.5
409,174,3.1
409,168,2.8
409,136,4.4
410,82,2.1
410,182,4.7
410,194,4.0
410,23,3.6
410,34,3.4
410,5,5.0
410,191,3.5
410,124,1.8
410,22,2.9
410,145,3.0
411,113,5.0
411,159,3.7
411,137,5.0
411,164,1.8
411,170,3.8
411,2,3.6
411,78,2.6
411,123,3.9
411,189,2.5
411,39,4.0
411,192,3.3
411,54,2.2
411,36,5.0
411,167,4.0
411,150,4.4
411,115,3.7
412,128,2.0
412,36,3.5
412,143,2.7
412,53,4.3
412,15,4.0
412,59,2.2
412,111,3.3
412,44,4.6
413,33,3.3
413,6,4.3
413,52,4.5
413,78,2.9
413,113,3.5
413,144,2.3
413,180,4.4
413,66,2.6
413,124,4.1
413,157,5.0
413,109,4.6
413,126,5.0
413,5,3.0
413,176,3.7
413,110,1.5
413,11,4.5
413,21,3.9
413,94,4.2
413,70,3.9
413,54,4.0
414,165,1.9
414,133,3.2
414,2,3.2
414,4,2.5
414,142,4.4
414,83,3.7
414,8,3.5
414,126,3.6
414,96,5.0
414,13,4.5
414,159,4.0
414,134,2.6
414,65,3.9
414,37,3.3
414,184,2.5
414,100,3.8
414,63,2.9
414,185,3.1
414,181,4.9
415,122,4.5
415,90,3.0
415,101,4.5
415,75,3.7
415,139,4.0
415,43,1.4
415,3,3.1
415,192,2.8
415,41,2.3
415,175,2.1
415,98,2.4
415,107,4.5
415,171,2.1
415,6,3.0
415,188,3.5
416,37,2.5
416,125,5.0
416,90,4.5
416,40,4.2
416,143,4.0
416,193,3.4
416,118,3.8
417,143,1.0
417,94,4.3
417,8,3.5
417,186,3.9
417,100,4.8
417,174,3.9
417,162,3.6
417,156,4.2
417,72,2.7
417,46,1.8
417,68,3.6
417,63,4.0
417,26,2.2
417,77,3.5
418,81,5.0
418,17,3.3
418,44,3.9
418,56,3.3
418,90,3.2
418,123,3.4
418,178,2.7
418,194,4.3
418,37,5.0
418,91,3.7
418,181,4.0
418,19,4.6
418,160,2.2
418,67,3.5
418,155,3.6
418,147,3.8
419,74,1.0
419,100,4.3
419,159,4.9
419,28,4.1
419,18,3.5
419,119,2.9
419,124,1.9
419,69,4.3
419,7,5.0
419,57,4.0
419,5,3.3
419,172,4.6
419,164,2.8
420,161,1.8
420,114,1.9
420,123,3.7
420,104,3.6
420,52,2.6
420,87,3.8
420,97,3.6
421,150,5.0
421,122,2.2
421,25,3.6
421,186,4.0
421,161,3.4
421,76,4.0
421,146,2.7
421,42,3.9
422,170,2.9
422,41,5.0
422,117,4.1
422,171,2.4
422,145,3.1
422,6,2.6
422,147,1.9
422,119,3.4
422,2,3.8
422,93,2.4
422,78,3.8
422,185,3.1
422,193,2.4
422,168,3.6
422,17,3.7
422,97,2.3
422,7,3.4
422,11,4.3
423,95,3.5
423,141,3.0
423,109,4.0
423,102,2.9
423,53,3.0
423,41,2.0
423,179,4.3
423,77,4.0
423,130,2.0
423,4,4.7
423,175,3.8
423,42,2.2
423,125,2.9
423,121,3.8
424,21,4.2
424,119,3.0
424,155,2.9
424,28,3.2
424,87,2.4
424,52,3.7
424,142,3.4
424,41,2.5
424,162,3.9
424,183,4.0
424,60,4.0
424,12,3.1
424,184,3.5
424,19,5.0
425,128,3.3
425,2,3.8
425,42,3.2
425,133,3.5
425,57,3.5
426,179,4.2
426,178,4.2
426,65,4.2
426,62,3.1
426,61,3.0
426,138,1.5
426,6,4.8
426,151,2.8
426,172,3.5
426,36,4.6
426,30,3.6
426,125,3.4
426,108,4.5
426,60,4.0
426,82,2.9
427,78,5.0
427,49,1.7
427,29,3.0
427,125,3.9
427,157,4.2
428,23,3.3
428,16,5.0
428,173,4.1
428,95,3.2
428,41,4.4
428,100,5.0
429,37,3.8
429,108,3.4
429,143,4.0
429,74,2.6
429,121,2.8
429,62,3.3
429,165,2.2
429,33,3.2
429,44,4.0
429,192,4.3
429,101,4.3
429,184,4.3
429,53,3.2
429,99,3.1
429,157,3.4
429,20,2.9
429,175,2.5
429,128,3.1
430,134,5.0
430,55,4.8
430,188,3.8
430,86,4.8
430,106,3.5
430,6,3.0
430,28,4.3
431,47,3.0
431,39,3.5
431,185,2.7
431,143,4.1
431,80,5.0
431,174,2.8
431,62,3.1
432,93,3.1
432,100,4.5
432,143,3.1
432,97,1.9
432,138,2.0
432,180,3.8
432,38,5.0
432,64,2.6
432,119,4.3
433,93,3.1
433,74,1.6
433,9,4.0
433,65,5.0
433,127,3.6
433,121,3.0
433,87,3.5
433,3,3.5
433,26,3.1
433,156,3.5
433,129,3.5
433,58,2.0
433,42,3.1
433,108,3.5
433,138,3.2
433,126,2.2
433,180,4.8
433,162,4.0
433,146,3.4
433,164,1.3
434,130,4.1
434,10,2.8
434,178,5.0
434,19,3.5
434,118,4.0
434,26,3.8
434,91,1.5
434,46,3.4
434,133,3.2
434,40,4.8
434,198,3.9
434,155,5.0
434,39,4.2
434,64,2.7
434,172,2.8
434,116,3.0
435,92,2.1
435,170,3.7
435,177,3.1
435,186,2.5
435,129,3.3
435,22,2.3
435,90,3.4
435,118,3.7
435,169,2.7
435,128,4.2
435,123,3.1
435,74,3.9
435,17,4.8
435,119,3.1
436,177,3.6
436,127,3.6
436,17,2.1
436,58,4.9
436,134,2.3
436,22,5.0
436,193,4.6
436,86,3.8
436,12,4.3
436,107,3.7
436,198,2.6
436,200,3.3
436,72,1.5
436,94,3.9
436,168,2.9
436,29,4.2
436,45,4.1
436,96,3.4
436,30,2.7
437,8,2.9
437,147,3.8
437,73,5.0
437,82,3.1
437,137,4.8
437,171,5.0
437,122,3.2
437,41,3.8
437,128,3.0
437,156,3.3
437,24,4.2
437,107,2.2
437,91,2.5
437,1,2.5
437,86,4.4
437,103,3.7
437,193,5.0
438,82,5.0
438,106,4.2
438,192,4.1
438,99,3.6
438,90,3.4
438,165,2.8
438,183,1.0
438,66,3.3
438,50,3.4
438,38,2.9
438,180,4.6
438,191,3.3
438,134,2.2
438,61,4.0
438,193,2.7
438,34,3.2
438,155,3.9
438,163,4.3
439,21,4.1
439,67,3.5
439,26,4.0
439,117,2.5
439,22,2.3
440,65,4.7
440,195,4.8
440,69,4.1
440,134,4.7
440,192,4.3
440,129,2.3
440,157,3.9
440,110,2.8
440,49,4.7
440,25,3.9
440,181,5.0
440,113,2.4
440,39,3.5
440,112,4.9
440,3,3.3
440,187,3.8
440,38,4.9
440,189,1.8
441,53,3.8
441,17,3.8
441,20,2.1
441,7,4.1
441,118,2.8
441,150,2.8
441,21,3.0
441,99,2.3
442,90,4.3
442,15,2.9
442,25,2.9
442,192,1.9
442,183,2.2
442,98,5.0
442,171,3.6
442,155,3.8
443,87,3.2
443,30,3.1
443,139,3.4
443,78,3.8
443,31,4.6
443,63,4.3
443,95,2.8
443,20,4.9
444,200,2.4
444,54,4.6
444,72,4.2
444,6,3.4
444,162,3.9
444,140,3.0
444,34,4.1
444,44,5.0
444,3,4.2
444,39,1.5
444,199,3.6
445,178,4.3
445,196,4.5
445,172,2.5
445,193,3.9
445,53,3.5
446,37,4.5
446,99,3.0
446,151,2.5
446,128,3.4
446,34,3.8
446,61,4.6
446,58,4.8
446,169,3.0
446,154,3.5
446,109,2.8
446,24,3.6
446,94,3.9
446,38,2.9
447,91,2.6
447,10,2.0
447,35,2.1
447,132,3.5
447,17,4.4
447,98,5.0
447,48,4.7
447,42,1.6
447,170,4.1
447,71,4.0
448,132,3.6
448,105,2.1
448,25,1.5
448,123,3.5
448,94,3.5
448,59,5.0
448,138,4.0
449,151,2.2
449,81,3.4
449,13,3.7
449,93,3.6
449,192,3.0
449,71,4.6
449,171,3.9
449,123,3.7
449,86,4.7
449,110,3.4
449,145,3.9
449,27,5.0
449,7,5.0
449,162,4.1
449,161,1.0
450,141,3.5
450,123,2.8
450,43,4.2
450,13,3.4
450,73,4.6
450,85,3.7
450,14,1.9
450,156,3.4
450,77,3.2
450,44,5.0
450,125,2.8
450,184,3.9
450,3,5.0
450,86,4.1
450,94,4.5
450,24,3.3
450,196,2.6
451,31,3.1
451,121,3.8
451,145,2.8
451,107,4.4
451,27,3.0
451,159,3.0
451,3,2.1
451,122,3.1
451,2,2.1
451,88,3.4
451,132,2.2
451,155,2.5
451,71,3.9
451,191,3.5
451,26,4.9
452,17,3.8
452,98,2.7
452,25,3.3
452,149,4.4
452,176,4.4
452,143,3.7
452,200,3.8
452,121,3.1
452,57,3.0
452,160,2.9
452,162,4.4
452,135,4.6
452,84,2.3
452,195,3.3
452,193,4.0
453,59,3.7
453,17,4.4
453,167,2.2
453,166,3.3
453,108,1.5
453,107,3.3
453,148,3.7
453,200,1.6
453,13,2.4
453,84,5.0
453,50,4.4
453,197,1.9
453,39,3.3
453,127,5.0
453,196,5.0
453,105,4.1
453,147,5.0
454,131,4.1
454,121,3.0
454,5,3.5
454,43,4.5
454,199,3.0
454,133,1.9
454,108,3.8
454,171,3.2
454,62,3.4
454,82,4.6
454,153,2.3
454,70,4.4
455,200,2.5
455,20,4.5
455,64,4.5
455,114,3.7
455,137,3.1
455,165,2.8
455,120,2.4
455,77,3.5
455,75,2.5
455,97,5.0
455,152,3.6
456,30,3.9
456,109,3.8
456,199,2.6
456,178,3.7
456,191,3.4
456,169,4.3
456,33,3.4
456,189,3.6
456,77,2.9
456,101,3.5
456,173,4.2
456,139,3.8
456,56,5.0
456,39,4.7
456,83,3.8
456,198,3.5
456,25,2.8
456,73,3.6
456,6,3.7
456,67,2.6
457,180,2.6
457,83,3.6
457,4,3.2
457,99,2.6
457,103,5.0
457,6,4.7
457,161,3.3
457,15,2.8
457,130,2.8
457,118,3.3
457,93,3.6
457,157,5.0
457,18,2.3
457,23,3.6
457,17,4.9
457,2,3.1
457,52,3.6
457,162,4.5
457,131,2.2
457,188,3.4
458,194,3.9
458,132,2.7
458,180,2.1
458,198,4.3
458,174,4.5
458,150,4.6
458,127,4.3
458,63,4.0
458,178,4.5
458,34,4.0
458,54,3.8
458,26,3.4
458,98,3.7
459,43,3.7
459,66,4.8
459,119,3.0
459,133,4.0
459,31,3.0
459,97,2.1
459,15,2.7
459,49,4.9
459,91,4.7
459,137,4.4
460,111,5.0
460,144,3.7
460,38,5.0
460,5,2.8
460,115,2.6
460,158,3.9
460,84,4.0
460,15,4.3
460,46,3.1
460,187,3.1
460,90,3.1
460,17,3.7
460,139,3.8
461,63,4.6
461,41,2.8
461,19,4.1
461,43,2.9
461,132,2.2
461,25,2.8
462,149,3.2
462,144,2.3
462,131,3.8
462,156,4.8
462,159,3.7
462,150,4.3
462,32,5.0
462,112,2.7
462,173,3.1
462,21,1.0
462,180,3.0
462,151,2.8
462,81,1.6
463,52,4.0
463,14,2.4
463,113,4.5
463,91,2.1
463,176,3.3
463,137,4.0
464,193,3.6
464,86,3.9
464,157,4.6
464,66,5.0
464,60,3.2
464,85,3.2
464,183,2.7
464,161,4.2
464,67,5.0
464,152,4.1
464,59,2.4
464,139,3.1
464,45,2.5
464,23,4.2
464,18,2.6
464,82,3.5
464,53,3.4
464,160,2.4
464,123,3.4
465,167,4.5
465,4,3.8
465,25,3.9
465,120,4.8
465,188,3.7
465,171,3.8
465,89,4.1
465,191,3.8
466,178,1.9
466,72,2.5
466,64,3.5
466,127,2.2
466,55,3.5
466,45,2.9
466,56,5.0
466,196,3.6
466,32,3.5
466,54,2.1
466,108,4.9
466,190,3.4
466,113,2.9
466,153,2.6
466,170,3.4
467,183,3.1
467,199,3.5
467,80,3.6
467,139,3.5
467,159,3.1
467,78,4.3
467,41,4.5
468,85,3.6
468,3,3.1
468,176,4.7
468,66,3.3
468,142,3.3
468,74,5.0
468,81,2.4
469,10,5.0
469,130,3.1
469,145,5.0
469,23,3.1
469,34,4.5
469,57,4.2
469,6,3.2
469,28,2.0
469,200,4.1
469,148,3.7
469,147,3.2
469,76,4.6
469,62,4.8
469,192,4.7
469,181,4.2
469,102,4.0
469,58,3.7
469,26,2.6
470,84,4.7
470,20,4.1
470,19,1.5
470,60,3.8
470,67,2.7
471,145,3.1
471,92,3.4
471,48,3.3
471,28,2.2
471,115,3.1
471,194,2.9
471,50,3.1
471,98,4.8
471,175,3.0
471,131,3.0
471,169,3.5
471,110,4.0
471,200,3.1
471,51,2.7
471,182,2.1
471,179,3.4
471,37,3.8
471,128,4.3
471,67,1.0
472,51,4.7
472,44,2.7
472,195,2.8
472,117,5.0
472,170,3.6
472,16,4.1
472,65,2.7
472,154,3.0
472,45,3.3
472,144,3.4
472,127,3.9
472,55,3.4
472,187,2.1
472,60,3.4
472,151,5.0
473,190,1.0
473,19,3.2
473,17,3.0
473,63,2.5
473,94,3.5
473,185,4.6
473,138,2.8
473,7,2.3
473,161,3.7
473,61,2.7
473,118,3.1
473,143,4.2
473,173,4.0
473,1,2.5
473,166,3.5
473,83,3.4
473,57,4.5
473,144,5.0
474,52,4.8
474,124,2.1
474,184,3.2
474,102,3.8
474,46,3.5
474,108,2.6
474,68,3.8
474,107,4.4
474,160,4.9
474,151,2.5
474,104,4.6
474,18,3.1
474,177,4.4
474,5,4.7
474,6,2.0
474,45,4.4
474,188,2.4
474,134,2.9
475,49,3.7
475,95,3.8
475,92,3.4
475,112,1.0
475,194,3.4
475,133,1.1
476,192,3.0
476,73,4.0
476,69,3.6
476,74,2.7
476,38,3.0
477,30,4.0
477,99,2.5
477,53,4.0
477,107,2.1
477,96,4.3
477,146,5.0
477,22,4.6
477,41,2.7
477,161,2.4
478,86,4.5
478,61,4.3
478,2,1.8
478,171,2.6
478,64,3.9
478,121,3.4
478,104,3.8
478,191,5.0
478,168,4.8
479,137,3.3
479,120,3.0
479,10,5.0
479,135,4.2
479,145,3.9
479,42,3.0
479,83,3.9
479,70,2.3
479,11,4.0
479,190,2.5
479,139,2.8
479,187,3.0
479,149,2.9
479,85,3.8
479,194,2.7
479,65,2.3
479,64,4.1
479,53,3.5
479,86,3.0
480,148,3.3
480,29,3.9
480,132,4.1
480,140,2.8
480,119,5.0
480,195,3.5
480,180,1.3
480,59,4.0
480,108,3.6
480,160,3.4
481,149,3.7
481,37,2.9
481,24,4.0
481,135,4.1
481,90,3.2
481,13,4.5
482,43,2.2
482,96,1.3
482,182,2.8
482,157,2.7
482,120,3.7
482,121,3.8
482,180,3.2
483,90,2.6
483,68,3.7
483,1,3.0
483,179,4.5
483,161,3.3
483,136,3.5
484,173,5.0
484,184,3.2
484,14,1.9
484,123,3.1
484,192,1.9
484,145,2.5
484,90,2.3
484,4,3.8
484,5,2.8
484,182,4.1
484,157,3.5
484,102,3.6
484,190,3.9
484,197,2.9
484,27,2.5
484,193,3.3
484,198,3.7
484,80,4.4
485,18,3.0
485,94,3.3
485,188,2.5
485,82,3.0
485,27,4.0
485,187,2.9
485,178,2.5
485,134,4.2
485,105,3.7
486,138,5.0
486,143,2.6
486,37,4.1
486,41,4.0
486,66,5.0
486,154,3.3
486,159,3.0
486,188,2.9
486,21,1.8
486,152,3.0
486,102,4.1
486,93,2.9
487,155,3.6
487,45,2.2
487,160,3.3
487,152,3.8
487,112,3.6
487,159,3.5
487,57,3.6
487,84,3.7
487,195,4.4
487,133,4.7
487,158,4.0
487,114,2.3
487,169,3.6
487,25,3.2
487,171,4.7
487,75,3.4
487,1,2.5
487,5,2.9
487,147,3.7
487,139,3.3
488,151,2.9
488,116,5.0
488,196,4.9
488,195,4.7
488,192,4.3
488,8,4.2
488,22,3.5
488,159,2.4
488,98,5.0
489,14,3.8
489,99,3.3
489,25,4.1
489,171,4.0
489,92,3.4
489,186,2.8
489,63,2.6
490,64,2.9
490,85,5.0
490,119,3.9
490,86,3.1
490,50,3.0
490,99,4.8
490,68,5.0
490,195,5.0
491,194,4.4
491,38,3.0
491,151,3.3
491,39,3.9
491,1,3.7
491,154,3.2
491,3,4.5
491,43,3.1
491,71,2.3
491,109,3.0
491,155,4.6
491,78,4.7
491,12,2.7
491,62,3.4
492,183,4.3
492,80,5.0
492,199,3.8
492,126,1.8
492,86,2.3
492,128,2.3
492,52,4.4
492,177,2.3
493,107,3.7
493,95,3.8
493,49,3.1
493,139,2.0
493,57,1.0
493,81,4.4
493,147,3.4
493,44,5.0
493,73,4.3
493,79,2.6
493,67,2.1
493,158,2.6
493,37,5.0
493,86,3.7
493,162,4.3
493,183,2.6
494,90,4.3
494,50,3.8
494,181,3.2
494,66,3.3
494,68,3.0
494,67,4.2
494,166,4.1
494,130,3.5
494,172,5.0
494,52,3.0
494,57,2.5
494,12,2.5
494,49,3.8
494,38,4.5
494,93,4.3
494,7,2.9
494,71,4.0
494,144,2.9
494,158,3.0
495,99,5.0
495,162,2.1
495,193,2.6
495,60,1.6
495,182,3.0
495,92,3.4
495,144,3.3
495,73,2.9
495,17,2.8
495,156,3.3
495,194,4.6
495,94,4.2
495,27,3.2
495,160,3.6
496,65,2.6
496,84,3.3
496,69,4.4
496,156,3.4
496,122,2.4
496,169,4.5
496,68,2.8
496,55,2.7
496,165,2.9
496,157,4.3
496,59,3.7
496,158,1.8
496,71,3.4
496,193,2.6
496,49,4.2
496,3,5.0
496,191,3.9
497,29,2.5
497,1,4.8
497,87,3.6
497,19,4.9
497,153,4.5
497,83,3.2
497,74,3.3
497,173,1.7
497,45,2.8
497,155,4.1
497,109,3.3
497,70,3.2
497,146,4.0
497,169,4.4
498,64,3.3
498,23,2.9
498,99,3.4
498,180,2.4
498,124,3.8
498,161,4.3
498,87,3.4
499,188,4.2
499,16,3.0
499,105,3.0
499,54,2.2
499,187,4.2
499,149,5.0
499,140,4.9
499,67,3.9
499,65,2.3
499,178,3.3
499,75,3.5
499,143,5.0
499,126,2.9
499,150,2.9
499,183,3.8
499,20,2.1
500,44,3.6
500,34,3.3
500,172,3.8
500,118,3.5
500,50,2.3
500,31,3.4
500,148,4.0
500,168,3.1
500,146,3.7
500,160,3.3
500,32,4.8
500,125,3.2
500,110,4.5
